date,sector,open,high,low,close
2020-01-15,Auto,18511.8,18807.36,17727.56,18786.98
2020-01-31,Auto,18811.06,18980.21,18130.34,18161.18
2020-02-15,Auto,18159.61,18440.55,17561.54,17589.4
2020-02-29,Auto,17744.68,17744.68,15521.13,15568.5
2020-03-15,Auto,15735.25,15895.16,12062.02,13960.21
2020-03-31,Auto,13672.33,13672.33,10141.45,10746.15
2020-04-15,Auto,10773.34,12732.61,10256.8,12146.82
2020-04-30,Auto,12041.98,13403.91,11928.35,13349.86
2020-05-15,Auto,12908.56,13650.69,12133.88,13024.51
2020-05-31,Auto,13073.9,14146.02,12267.96,14094.69
2020-06-15,Auto,14251.26,15260.59,13825.11,14606.94
2020-06-30,Auto,14838.4,15715.38,14405.65,15275.21
2020-07-15,Auto,15300.26,16451.03,15237.45,15689.49
2020-07-31,Auto,15759.67,16892.87,15522.64,16489.64
2020-08-15,Auto,16594.23,17802.03,16363.94,17297.68
2020-08-31,Auto,17425.03,18537.82,17281.23,17685.49
2020-09-15,Auto,17744.75,18329.41,17579.58,18160.14
2020-09-30,Auto,18158.97,18582.37,16734.64,17876.44
2020-10-15,Auto,18061.03,18656.34,17810.35,17936.9
2020-10-31,Auto,17979.06,18358.17,17414.43,17517.08
2020-11-15,Auto,17682.33,18936.13,17371.45,18855.18
2020-11-30,Auto,18919.87,20319.22,18834.34,20128.83
2020-12-15,Auto,20388.76,21382.37,20069.77,20702.22
2020-12-31,Auto,20869.08,21035.47,19316.66,20811.49
2021-01-15,Auto,20865.19,23214.69,20853.14,22961.57
2021-01-31,Auto,22874.19,24305.18,22049.97,22127.69
2021-02-15,Auto,22352.19,25072.54,21934.94,24745.56
2021-02-28,Auto,24922.29,24937.97,22658.2,22937.66
2021-03-15,Auto,23179.64,24381.54,22977.24,23331.27
2021-03-31,Auto,23456.17,23475.01,21683.38,22252.21
2021-04-15,Auto,22433.5,22715.29,21055.06,21870.5
2021-04-30,Auto,21899.02,22480.21,21189.02,21667.8
2021-05-15,Auto,21435.0,22607.88,21322.39,22031.17
2021-05-31,Auto,22129.06,23711.34,21968.12,23541.12
2021-06-15,Auto,23607.03,24423.56,23366.39,24092.52
2021-06-30,Auto,24102.87,24127.37,22908.79,23771.76
2021-07-15,Auto,23862.37,24232.97,23142.56,23305.72
2021-07-31,Auto,23350.06,23388.7,22197.91,22489.21
2021-08-15,Auto,22737.89,23294.59,22423.65,22780.78
2021-08-31,Auto,22871.02,22874.61,21808.92,22571.39
2021-09-15,Auto,22589.92,23207.94,22414.93,23189.75
2021-09-30,Auto,23330.6,24378.81,22574.82,23865.88
2021-10-15,Auto,23758.69,26947.32,23514.7,26436.04
2021-10-31,Auto,26654.15,26799.1,24821.79,25338.29
2021-11-15,Auto,25369.65,26567.59,25144.63,26258.96
2021-11-30,Auto,26315.05,27271.03,23626.14,23989.17
2021-12-15,Auto,24202.02,25394.63,23946.07,24930.26
2021-12-31,Auto,25100.69,25111.16,23095.41,24817.6
2022-01-15,Auto,24975.81,26495.59,24947.57,26294.76
2022-01-31,Auto,26399.16,26895.11,25018.56,26408.33
2022-02-15,Auto,26510.76,26705.44,25081.67,26160.24
2022-02-28,Auto,26236.04,26435.59,24027.2,24615.63
2022-03-15,Auto,24468.19,24468.19,21083.49,23099.08
2022-03-31,Auto,23423.71,24301.76,23329.57,24049.98
2022-04-15,Auto,24032.99,25054.68,23881.51,24363.68
2022-04-30,Auto,24257.59,25648.27,23959.28,25210.17
2022-05-15,Auto,25109.8,25137.69,23022.61,23747.88
2022-05-31,Auto,24015.73,26628.37,23894.96,26453.68
2022-06-15,Auto,26502.96,26629.09,25184.15,25525.26
2022-06-30,Auto,25787.64,27258.93,24384.22,26768.23
2022-07-15,Auto,26692.4,28434.33,26373.65,28406.82
2022-07-31,Auto,28537.29,29111.06,28000.34,28728.64
2022-08-15,Auto,28959.69,30022.64,28937.45,29617.7
2022-08-31,Auto,29754.99,30570.18,28977.11,30334.18
2022-09-15,Auto,29964.45,30757.34,29882.91,30534.11
2022-09-30,Auto,30496.94,30715.22,28383.98,29177.76
2022-10-15,Auto,29304.56,29497.64,28442.43,28596.49
2022-10-31,Auto,28478.15,30868.75,28376.36,30719.01
2022-11-15,Auto,30906.65,31002.41,29737.28,30127.45
2022-11-30,Auto,30119.21,30486.26,29079.61,30375.4
2022-12-15,Auto,30483.4,30499.27,29381.34,29613.36
2022-12-31,Auto,29464.59,29796.23,27899.64,28923.14
2023-01-15,Auto,28965.84,29571.99,28625.26,29423.62
2023-01-31,Auto,29395.25,30516.95,29068.08,30452.05
2023-02-15,Auto,30481.09,30921.55,29703.3,30430.11
2023-02-28,Auto,30537.04,30591.26,28834.94,29225.99
2023-03-15,Auto,29266.36,30020.64,28294.45,28322.95
2023-03-31,Auto,28235.74,28594.16,27468.59,28246.92
2023-04-15,Auto,28486.24,29795.42,28383.95,29747.7
2023-04-30,Auto,29821.4,30369.96,29542.33,30325.51
2023-05-15,Auto,30321.08,32407.0,30235.85,32243.83
2023-05-31,Auto,32265.58,33003.62,31416.25,32732.08
2023-06-15,Auto,32653.16,34331.97,32653.16,33945.11
2023-06-30,Auto,33991.81,35005.17,33597.03,34919.74
2023-07-15,Auto,35019.19,36261.7,34530.31,35789.96
2023-07-31,Auto,35879.14,36454.71,35472.97,36017.44
2023-08-15,Auto,35925.4,36262.94,34497.81,34972.64
2023-08-31,Auto,34936.91,35777.56,34745.02,35513.33
2023-09-15,Auto,35546.94,37239.76,35490.15,37161.01
2023-09-30,Auto,37237.2,37683.63,36317.48,36628.82
2023-10-15,Auto,36897.15,37317.75,35607.91,37271.32
2023-10-31,Auto,37351.81,37823.69,35973.49,36172.0
2023-11-15,Auto,36295.73,37959.31,35917.1,37919.13
2023-11-30,Auto,37969.86,40127.8,37862.65,40052.97
2023-12-15,Auto,40218.47,41467.13,39821.56,41124.53
2023-12-31,Auto,41243.37,42462.81,39428.06,42229.04
2024-01-15,Auto,42359.52,42770.54,41263.4,42699.95
2024-01-31,Auto,42747.92,44047.39,41386.37,43995.0
2024-02-15,Auto,44248.73,46120.77,44076.04,45994.6
2024-02-29,Auto,46298.43,47818.46,46228.65,46819.3
2024-03-15,Auto,47212.56,48938.26,46082.89,46319.82
2024-03-31,Auto,46308.14,49535.05,46118.49,49142.11
2024-04-15,Auto,49325.12,50589.66,48577.54,49292.08
2024-04-30,Auto,48972.41,51389.34,48135.37,51066.09
2024-05-15,Auto,51342.33,52236.84,50227.14,51883.88
2024-05-31,Auto,52236.13,54580.55,51189.94,53026.17
2024-06-15,Auto,54670.52,58428.45,50103.83,58337.72
2024-06-30,Auto,58625.18,58878.83,56252.76,57293.11
2024-07-15,Auto,57313.18,58908.34,56884.48,57662.58
2024-07-31,Auto,57942.79,60402.88,55415.29,60185.44
2024-08-15,Auto,60650.06,60664.66,55420.25,56745.69
2024-08-31,Auto,57323.26,59185.83,57098.58,59040.86
2024-09-15,Auto,59262.86,59306.5,56936.82,58308.75
2024-09-30,Auto,58369.66,62443.41,57845.04,61050.69
2024-10-15,Auto,61280.52,61489.45,57636.12,59404.94
2024-10-31,Auto,59389.31,59389.31,53049.17,53539.83
2024-11-15,Auto,54322.48,55073.71,51151.27,51751.38
2024-11-30,Auto,51993.23,54424.75,51600.38,52897.87
2024-12-15,Auto,53198.18,54244.24,52802.7,53861.06
2024-12-31,Auto,53968.72,54039.6,50941.92,51662.98
2025-01-15,Auto,51863.67,54550.1,50435.29,51261.16
2025-01-31,Auto,51684.89,51813.85,49207.4,51526.85
2025-02-15,Auto,51953.07,53442.69,48923.78,49313.03
2025-02-28,Auto,49214.78,49456.66,45789.34,45859.68
2020-01-15,Capital Goods,17036.67,17468.8,16747.0,17388.81
2020-01-31,Capital Goods,17429.5,17796.35,17041.96,17462.11
2020-02-15,Capital Goods,17487.85,17630.53,16531.79,16781.76
2020-02-29,Capital Goods,16793.02,16805.86,15232.99,15397.57
2020-03-15,Capital Goods,15660.1,15750.85,11960.2,13797.99
2020-03-31,Capital Goods,13518.15,13588.94,9499.15,10979.45
2020-04-15,Capital Goods,11024.49,12260.75,10500.98,11776.27
2020-04-30,Capital Goods,11768.32,12511.38,11536.18,12186.72
2020-05-15,Capital Goods,12036.55,12036.55,10984.0,11670.48
2020-05-31,Capital Goods,11803.46,12367.12,10916.41,12333.98
2020-06-15,Capital Goods,12461.53,13299.89,12172.67,12290.16
2020-06-30,Capital Goods,12494.24,13477.69,12124.58,12858.81
2020-07-15,Capital Goods,12844.0,13461.88,12640.42,12740.45
2020-07-31,Capital Goods,12772.5,13077.45,12566.34,12734.81
2020-08-15,Capital Goods,12751.57,14137.14,12675.05,13777.8
2020-08-31,Capital Goods,13954.05,14502.85,13677.2,13741.54
2020-09-15,Capital Goods,13814.89,14305.39,13451.04,14051.43
2020-09-30,Capital Goods,14141.41,14201.56,12918.85,13834.15
2020-10-15,Capital Goods,13884.19,13975.27,13487.71,13505.44
2020-10-31,Capital Goods,13534.9,14554.48,13518.64,14167.34
2020-11-15,Capital Goods,14185.97,16041.51,14122.5,15945.13
2020-11-30,Capital Goods,16010.42,17251.83,16010.42,17022.49
2020-12-15,Capital Goods,17180.42,18252.17,17057.34,18214.23
2020-12-31,Capital Goods,18320.76,18966.59,17209.21,18744.78
2021-01-15,Capital Goods,18700.09,20121.17,18700.09,19630.42
2021-01-31,Capital Goods,19607.99,20497.33,19293.8,19481.53
2021-02-15,Capital Goods,19693.13,22258.23,19447.2,21944.45
2021-02-28,Capital Goods,21946.04,22435.36,21233.82,21518.96
2021-03-15,Capital Goods,21671.47,22775.92,21570.47,22024.05
2021-03-31,Capital Goods,22080.07,22221.6,20447.84,21095.75
2021-04-15,Capital Goods,21264.9,21474.74,20014.34,20509.57
2021-04-30,Capital Goods,20529.05,20765.05,19708.39,20252.38
2021-05-15,Capital Goods,20156.1,21608.97,20023.07,21334.3
2021-05-31,Capital Goods,21591.07,22796.2,21103.21,22498.27
2021-06-15,Capital Goods,22622.62,23609.22,22358.14,22891.77
2021-06-30,Capital Goods,22847.52,23159.17,21746.57,22948.98
2021-07-15,Capital Goods,23037.62,23867.98,22692.72,23749.36
2021-07-31,Capital Goods,23812.76,24148.97,23161.59,23671.73
2021-08-15,Capital Goods,23774.99,24372.74,23074.35,24317.29
2021-08-31,Capital Goods,24371.83,25012.99,23299.25,24973.86
2021-09-15,Capital Goods,25071.3,26193.13,25023.78,26153.73
2021-09-30,Capital Goods,26213.61,26770.63,25563.57,25966.72
2021-10-15,Capital Goods,25921.45,27544.41,25808.11,27255.85
2021-10-31,Capital Goods,27487.24,28023.97,26034.8,26673.33
2021-11-15,Capital Goods,26856.58,29431.06,26615.23,28994.57
2021-11-30,Capital Goods,29052.31,29358.69,26249.19,26892.79
2021-12-15,Capital Goods,26853.67,28945.3,26827.13,28666.3
2021-12-31,Capital Goods,28908.52,28984.84,26837.89,28750.72
2022-01-15,Capital Goods,28786.13,30907.95,28735.61,30875.16
2022-01-31,Capital Goods,30941.97,31269.3,28066.59,29158.3
2022-02-15,Capital Goods,29441.27,30245.94,27448.05,28365.37
2022-02-28,Capital Goods,28474.96,28628.43,26448.3,27658.04
2022-03-15,Capital Goods,27479.44,27812.08,25253.73,26988.81
2022-03-31,Capital Goods,27188.26,27954.1,26750.22,27506.04
2022-04-15,Capital Goods,27499.23,28937.89,27441.23,28283.01
2022-04-30,Capital Goods,28158.77,28389.3,27000.16,27370.68
2022-05-15,Capital Goods,27078.48,27218.99,24776.02,25079.4
2022-05-31,Capital Goods,25287.28,27427.92,25108.99,27144.6
2022-06-15,Capital Goods,27232.98,27550.67,25740.65,26133.9
2022-06-30,Capital Goods,26313.65,26409.14,24550.31,26025.5
2022-07-15,Capital Goods,26091.23,27723.59,25700.72,27634.84
2022-07-31,Capital Goods,27835.26,29898.84,27801.72,29717.26
2022-08-15,Capital Goods,29829.8,31128.64,29471.24,30944.07
2022-08-31,Capital Goods,31060.25,32264.4,30969.1,32224.78
2022-09-15,Capital Goods,32087.6,33882.29,31994.64,33438.15
2022-09-30,Capital Goods,33470.85,33502.96,30426.45,31217.82
2022-10-15,Capital Goods,31174.34,32373.39,30662.14,31670.4
2022-10-31,Capital Goods,31542.74,33367.36,31389.06,33266.16
2022-11-15,Capital Goods,33320.16,33833.37,32945.25,33120.1
2022-11-30,Capital Goods,33141.08,34128.56,33040.41,33846.25
2022-12-15,Capital Goods,33939.28,35537.68,33939.28,34977.3
2022-12-31,Capital Goods,34760.39,35100.45,32408.01,33342.22
2023-01-15,Capital Goods,33380.22,34248.36,33131.31,34148.43
2023-01-31,Capital Goods,34150.86,35387.1,32922.91,33806.17
2023-02-15,Capital Goods,34077.23,34879.1,33151.95,34479.12
2023-02-28,Capital Goods,34682.38,35427.37,33484.44,33862.7
2023-03-15,Capital Goods,33884.47,35043.13,33766.5,34358.37
2023-03-31,Capital Goods,34346.04,34871.54,33386.36,34369.7
2023-04-15,Capital Goods,34488.75,35948.78,34387.24,35459.6
2023-04-30,Capital Goods,35322.81,36781.85,34957.17,36738.88
2023-05-15,Capital Goods,36804.94,37652.88,36252.33,36796.14
2023-05-31,Capital Goods,36861.18,37397.52,36184.64,37220.98
2023-06-15,Capital Goods,37272.25,39636.63,37154.23,39527.51
2023-06-30,Capital Goods,39564.12,40765.94,39392.58,40725.76
2023-07-15,Capital Goods,40804.02,41615.28,40382.36,41347.43
2023-07-31,Capital Goods,41436.86,44120.63,41345.11,44045.93
2023-08-15,Capital Goods,44131.37,44243.31,42643.57,43332.6
2023-08-31,Capital Goods,43316.65,45318.84,43096.59,45215.72
2023-09-15,Capital Goods,45286.74,48520.89,45124.54,47045.67
2023-09-30,Capital Goods,47339.07,47992.54,46224.76,47729.02
2023-10-15,Capital Goods,47895.45,48361.41,47221.54,47898.94
2023-10-31,Capital Goods,48014.44,48333.05,44813.56,45784.43
2023-11-15,Capital Goods,45896.17,48520.94,45370.88,48474.93
2023-11-30,Capital Goods,48582.98,50086.89,48347.93,49989.66
2023-12-15,Capital Goods,50292.7,54567.19,50260.47,54490.52
2023-12-31,Capital Goods,54726.21,55680.42,52385.91,55643.71
2024-01-15,Capital Goods,55802.75,57097.19,54638.58,56432.98
2024-01-31,Capital Goods,56588.16,58528.41,55192.21,56689.83
2024-02-15,Capital Goods,56935.01,56935.01,53504.34,55237.29
2024-02-29,Capital Goods,55496.47,57813.86,54914.46,57414.63
2024-03-15,Capital Goods,57790.95,60053.92,55906.5,56820.05
2024-03-31,Capital Goods,56956.34,61229.89,55758.53,60943.12
2024-04-15,Capital Goods,61280.65,63188.67,60909.41,61322.44
2024-04-30,Capital Goods,60962.71,63618.64,60018.13,63024.94
2024-05-15,Capital Goods,63200.02,64508.38,60268.86,64454.19
2024-05-31,Capital Goods,64809.55,70843.91,64481.58,70055.57
2024-06-15,Capital Goods,74390.3,74550.11,61582.34,73255.72
2024-06-30,Capital Goods,74137.49,74179.03,71364.44,72324.41
2024-07-15,Capital Goods,72549.85,76271.56,72240.43,74859.8
2024-07-31,Capital Goods,74994.54,75920.35,68520.9,75640.12
2024-08-15,Capital Goods,75829.74,75973.68,69289.49,71539.53
2024-08-31,Capital Goods,72243.29,74207.35,71736.36,73169.37
2024-09-15,Capital Goods,73392.18,73492.43,70188.92,72654.01
2024-09-30,Capital Goods,72916.05,74490.98,70698.92,73107.0
2024-10-15,Capital Goods,73140.9,73640.33,68143.85,72355.75
2024-10-31,Capital Goods,72451.31,72978.74,65405.08,69105.8
2024-11-15,Capital Goods,69456.9,70884.97,65541.19,66026.23
2024-11-30,Capital Goods,66530.44,70926.21,65294.28,70700.26
2024-12-15,Capital Goods,70224.01,73853.84,70222.04,73065.89
2024-12-31,Capital Goods,73266.71,73687.81,66654.57,67779.5
2025-01-15,Capital Goods,67970.19,69260.23,61716.82,63175.87
2025-01-31,Capital Goods,64042.54,66142.79,59250.15,64529.77
2025-02-15,Capital Goods,65377.28,65711.62,56969.95,57349.1
2025-02-28,Capital Goods,56865.52,59009.26,54881.73,55241.12
2020-01-15,Consumer Durables,24998.33,25527.44,24330.05,25495.86
2020-01-31,Consumer Durables,25549.56,26526.63,25465.59,26147.11
2020-02-15,Consumer Durables,26144.67,27282.88,25660.86,26962.31
2020-02-29,Consumer Durables,27096.41,27927.62,25830.59,26151.16
2020-03-15,Consumer Durables,26383.62,26713.46,21233.53,23404.67
2020-03-31,Consumer Durables,23007.48,23008.8,16699.02,19362.96
2020-04-15,Consumer Durables,19378.97,21079.6,18624.21,19848.89
2020-04-30,Consumer Durables,19666.56,20836.41,19247.34,20525.39
2020-05-15,Consumer Durables,20157.56,20157.56,18065.85,18317.57
2020-05-31,Consumer Durables,18322.1,19089.82,17613.19,18966.54
2020-06-15,Consumer Durables,19277.98,21697.69,19277.98,20001.7
2020-06-30,Consumer Durables,20225.0,21091.11,19881.04,20338.2
2020-07-15,Consumer Durables,20448.39,21381.76,20231.45,20506.63
2020-07-31,Consumer Durables,20518.78,22183.5,20130.87,21479.24
2020-08-15,Consumer Durables,21590.51,22515.48,21448.9,22180.56
2020-08-31,Consumer Durables,22313.78,23758.66,22281.83,22758.48
2020-09-15,Consumer Durables,22750.08,24731.82,22697.61,24186.76
2020-09-30,Consumer Durables,24278.3,24602.58,22447.56,24278.09
2020-10-15,Consumer Durables,24345.99,24801.4,24007.28,24033.62
2020-10-31,Consumer Durables,24375.63,25096.47,23796.74,24076.28
2020-11-15,Consumer Durables,24253.02,26002.75,23864.39,25658.43
2020-11-30,Consumer Durables,25769.8,27187.4,25589.5,27045.66
2020-12-15,Consumer Durables,27202.32,28669.34,26917.68,28629.92
2020-12-31,Consumer Durables,28687.03,30461.18,27995.3,30393.5
2021-01-15,Consumer Durables,30465.07,31581.91,30084.69,30159.98
2021-01-31,Consumer Durables,30243.59,31887.51,29797.65,30099.01
2021-02-15,Consumer Durables,30198.35,33595.99,30000.02,32522.08
2021-02-28,Consumer Durables,32763.37,32763.37,31094.7,31758.21
2021-03-15,Consumer Durables,32364.89,33638.1,32079.42,33291.75
2021-03-31,Consumer Durables,33528.02,33665.31,30917.09,32825.92
2021-04-15,Consumer Durables,33062.85,33763.96,31706.23,32003.98
2021-04-30,Consumer Durables,31934.09,33105.63,31294.42,32324.53
2021-05-15,Consumer Durables,32080.22,32181.31,31277.27,31574.65
2021-05-31,Consumer Durables,31671.04,33658.38,31271.3,33389.27
2021-06-15,Consumer Durables,33607.81,35843.53,33415.85,35646.7
2021-06-30,Consumer Durables,35739.49,36175.92,34778.5,35575.43
2021-07-15,Consumer Durables,35740.18,36488.79,35476.4,35929.83
2021-07-31,Consumer Durables,35954.23,36624.98,35004.78,36386.37
2021-08-15,Consumer Durables,36687.94,37526.87,35530.31,36592.57
2021-08-31,Consumer Durables,36477.92,37420.81,35692.1,37360.66
2021-09-15,Consumer Durables,37627.57,41285.53,37579.77,41207.45
2021-09-30,Consumer Durables,41400.25,41620.46,40032.74,41339.79
2021-10-15,Consumer Durables,41343.17,46706.27,40999.39,46272.59
2021-10-31,Consumer Durables,46969.38,47439.96,42262.67,43218.93
2021-11-15,Consumer Durables,43600.46,45740.1,43366.5,45538.51
2021-11-30,Consumer Durables,45649.77,45747.15,40532.17,43100.51
2021-12-15,Consumer Durables,43603.92,44076.55,42440.41,43091.01
2021-12-31,Consumer Durables,43035.37,44874.71,40800.43,44768.1
2022-01-15,Consumer Durables,44769.97,46480.76,44702.2,45833.82
2022-01-31,Consumer Durables,45931.4,46394.73,40414.21,41919.09
2022-02-15,Consumer Durables,42374.68,43579.48,40841.46,42337.82
2022-02-28,Consumer Durables,42782.87,43251.79,40807.09,43099.49
2022-03-15,Consumer Durables,43035.95,43425.42,39280.47,41907.22
2022-03-31,Consumer Durables,42483.68,44570.93,41267.95,42271.85
2022-04-15,Consumer Durables,42347.28,43793.6,42070.34,42771.76
2022-04-30,Consumer Durables,42328.27,43385.5,41905.12,42666.59
2022-05-15,Consumer Durables,42232.51,42388.84,35783.22,36709.67
2022-05-31,Consumer Durables,37268.85,38595.36,35860.35,37998.73
2022-06-15,Consumer Durables,38334.52,38724.41,35130.67,35537.03
2022-06-30,Consumer Durables,35845.6,36036.95,33420.21,34699.09
2022-07-15,Consumer Durables,34349.82,38227.26,33727.15,38168.87
2022-07-31,Consumer Durables,38242.96,39740.99,38205.96,39570.36
2022-08-15,Consumer Durables,39674.96,40871.49,39428.69,40747.98
2022-08-31,Consumer Durables,40799.52,42811.22,40132.94,42711.42
2022-09-15,Consumer Durables,42687.76,44083.06,42265.46,43154.32
2022-09-30,Consumer Durables,43091.69,43368.68,40975.47,42488.99
2022-10-15,Consumer Durables,42555.25,43598.03,41262.81,41669.57
2022-10-31,Consumer Durables,41662.75,42785.98,41210.56,42669.45
2022-11-15,Consumer Durables,42900.43,43052.62,41147.66,41740.52
2022-11-30,Consumer Durables,41800.25,41949.38,40366.34,41498.06
2022-12-15,Consumer Durables,41609.4,41791.35,40018.36,40121.36
2022-12-31,Consumer Durables,39879.38,40268.14,38156.03,39722.17
2023-01-15,Consumer Durables,39832.13,40231.56,38445.22,38589.2
2023-01-31,Consumer Durables,38827.6,38831.55,36589.19,37732.22
2023-02-15,Consumer Durables,38110.75,38954.09,37054.56,38806.55
2023-02-28,Consumer Durables,38829.65,39005.59,37074.55,37460.43
2023-03-15,Consumer Durables,37419.43,38283.36,36679.14,37171.57
2023-03-31,Consumer Durables,37239.56,38193.64,37079.43,37628.54
2023-04-15,Consumer Durables,37641.76,38568.66,37641.76,38403.2
2023-04-30,Consumer Durables,38390.57,38827.51,38131.39,38374.18
2023-05-15,Consumer Durables,38500.88,39921.32,38409.93,39717.09
2023-05-31,Consumer Durables,39734.26,40931.74,38724.26,40855.93
2023-06-15,Consumer Durables,40935.37,42706.38,40825.89,42558.81
2023-06-30,Consumer Durables,42729.72,43355.57,41802.87,42861.12
2023-07-15,Consumer Durables,42964.28,44015.52,42620.15,42805.62
2023-07-31,Consumer Durables,42837.55,43113.82,41994.85,42752.52
2023-08-15,Consumer Durables,42832.3,43619.98,41642.93,42980.48
2023-08-31,Consumer Durables,42977.19,44640.15,42554.84,44564.97
2023-09-15,Consumer Durables,44591.37,46507.13,44420.74,46264.35
2023-09-30,Consumer Durables,46295.13,46880.96,45166.9,45359.94
2023-10-15,Consumer Durables,45396.38,46603.85,44991.81,46202.73
2023-10-31,Consumer Durables,46198.0,46934.27,43496.0,44307.99
2023-11-15,Consumer Durables,44493.04,45860.28,44132.47,45280.8
2023-11-30,Consumer Durables,45354.23,47177.9,45073.24,47120.25
2023-12-15,Consumer Durables,47328.12,49227.2,47008.7,48555.09
2023-12-31,Consumer Durables,48614.49,50199.63,47817.65,49999.94
2024-01-15,Consumer Durables,50354.24,51655.98,49459.91,51550.56
2024-01-31,Consumer Durables,51624.11,52352.41,49580.01,50349.9
2024-02-15,Consumer Durables,50834.64,50834.64,49031.8,50157.57
2024-02-29,Consumer Durables,50617.12,51734.62,50207.5,51224.29
2024-03-15,Consumer Durables,51271.01,53013.3,49616.02,50559.14
2024-03-31,Consumer Durables,50576.75,52572.81,49373.34,52276.61
2024-04-15,Consumer Durables,52492.72,54668.13,51565.52,52456.56
2024-04-30,Consumer Durables,52363.45,55485.98,51270.56,55197.79
2024-05-15,Consumer Durables,55347.48,55539.04,51385.51,52516.51
2024-05-31,Consumer Durables,52760.95,56335.33,52516.2,54915.39
2024-06-15,Consumer Durables,56424.81,59552.74,51109.66,59490.48
2024-06-30,Consumer Durables,59745.42,60545.14,58332.53,58826.91
2024-07-15,Consumer Durables,58962.5,59630.51,57532.94,59156.94
2024-07-31,Consumer Durables,59394.73,61522.02,56377.33,60929.37
2024-08-15,Consumer Durables,61294.32,61412.05,56590.67,59850.52
2024-08-31,Consumer Durables,60172.87,64586.25,59979.49,63590.04
2024-09-15,Consumer Durables,63840.09,66934.97,63179.09,66749.49
2024-09-30,Consumer Durables,67000.42,69044.38,66490.66,67661.64
2024-10-15,Consumer Durables,67914.7,68157.97,63906.89,66332.17
2024-10-31,Consumer Durables,66328.09,66611.38,60271.15,60655.82
2024-11-15,Consumer Durables,61499.28,62284.98,59610.29,60114.83
2024-11-30,Consumer Durables,60416.05,63336.88,60164.16,62469.19
2024-12-15,Consumer Durables,62789.59,66904.05,62405.46,66838.76
2024-12-31,Consumer Durables,66934.86,67400.71,63495.22,64436.34
2025-01-15,Consumer Durables,64185.09,67210.73,59597.63,60595.1
2025-01-31,Consumer Durables,60830.89,61223.88,55657.08,57851.89
2025-02-15,Consumer Durables,58320.32,60573.3,54224.25,54686.28
2025-02-28,Consumer Durables,54210.28,55422.6,52571.65,52964.97
2020-01-15,Financial Services,7007.14,7079.73,6780.74,7023.86
2020-01-31,Financial Services,7030.21,7055.15,6808.47,6846.92
2020-02-15,Financial Services,6844.52,7033.7,6534.52,6880.91
2020-02-29,Financial Services,6889.91,6931.0,6418.96,6435.08
2020-03-15,Financial Services,6556.5,6586.73,4827.59,5667.7
2020-03-31,Financial Services,5455.72,5455.72,3696.7,4299.86
2020-04-15,Financial Services,4300.67,4542.14,3941.16,4292.9
2020-04-30,Financial Services,4267.05,4955.48,4231.06,4892.57
2020-05-15,Financial Services,4713.83,4713.83,4206.03,4323.53
2020-05-31,Financial Services,4328.63,4420.57,3977.53,4407.72
2020-06-15,Financial Services,4505.75,4933.89,4484.94,4598.53
2020-06-30,Financial Services,4708.06,5142.32,4550.83,4933.12
2020-07-15,Financial Services,4942.16,5312.91,4925.36,4964.75
2020-07-31,Financial Services,4978.13,5345.76,4891.89,5020.59
2020-08-15,Financial Services,5017.04,5181.16,4891.08,5042.11
2020-08-31,Financial Services,5082.5,5652.88,5003.42,5360.15
2020-09-15,Financial Services,5367.54,5459.51,5088.73,5168.25
2020-09-30,Financial Services,5179.45,5216.05,4742.34,4985.99
2020-10-15,Financial Services,5020.47,5514.12,5020.47,5296.58
2020-10-31,Financial Services,5327.59,5620.49,5306.48,5412.24
2020-11-15,Financial Services,5494.76,6434.02,5444.97,6397.3
2020-11-30,Financial Services,6435.75,6685.73,6419.54,6634.31
2020-12-15,Financial Services,6672.18,6860.57,6549.21,6852.8
2020-12-31,Financial Services,6903.94,7083.02,6561.6,7054.36
2021-01-15,Financial Services,7053.95,7389.35,6990.64,7206.95
2021-01-31,Financial Services,7215.99,7343.57,6683.79,6798.76
2021-02-15,Financial Services,6866.18,8128.05,6861.16,8108.65
2021-02-28,Financial Services,8150.63,8184.2,7522.79,7556.52
2021-03-15,Financial Services,7666.72,7927.42,7529.84,7647.39
2021-03-31,Financial Services,7685.74,7700.13,7148.83,7346.51
2021-04-15,Financial Services,7410.28,7469.83,6830.23,7165.9
2021-04-30,Financial Services,7184.5,7591.03,6840.67,7266.4
2021-05-15,Financial Services,7196.38,7451.16,7121.57,7210.75
2021-05-31,Financial Services,7254.14,7806.86,7241.84,7794.94
2021-06-15,Financial Services,7815.19,7909.72,7696.27,7860.19
2021-06-30,Financial Services,7860.2,7906.86,7576.64,7748.24
2021-07-15,Financial Services,7775.55,8007.84,7705.75,7983.47
2021-07-31,Financial Services,7994.97,8005.73,7668.7,7784.68
2021-08-15,Financial Services,7830.46,8139.0,7797.26,8108.65
2021-08-31,Financial Services,8110.71,8396.09,7933.93,8384.75
2021-09-15,Financial Services,8408.36,8491.89,8314.03,8456.75
2021-09-30,Financial Services,8481.74,8728.18,8330.94,8516.39
2021-10-15,Financial Services,8474.61,8865.38,8412.63,8854.0
2021-10-31,Financial Services,8960.81,9167.15,8626.29,8747.78
2021-11-15,Financial Services,8798.62,8964.46,8719.52,8822.21
2021-11-30,Financial Services,8825.13,8829.96,8021.13,8138.92
2021-12-15,Financial Services,8184.06,8534.05,8173.37,8287.25
2021-12-31,Financial Services,8341.72,8369.42,7677.51,8048.79
2022-01-15,Financial Services,8061.74,8683.58,8061.51,8616.35
2022-01-31,Financial Services,8614.55,8685.63,8027.31,8308.33
2022-02-15,Financial Services,8394.49,8587.87,7903.01,8188.25
2022-02-28,Financial Services,8215.49,8277.89,7610.22,7856.9
2022-03-15,Financial Services,7719.32,7783.1,7019.03,7602.37
2022-03-31,Financial Services,7714.53,8039.28,7640.15,7966.53
2022-04-15,Financial Services,7956.06,8576.29,7940.13,8154.45
2022-04-30,Financial Services,8050.94,8050.94,7719.54,7806.4
2022-05-15,Financial Services,7711.64,7853.6,7114.71,7134.12
2022-05-31,Financial Services,7160.83,7748.27,7114.21,7653.97
2022-06-15,Financial Services,7633.5,7736.25,7095.86,7147.03
2022-06-30,Financial Services,7209.55,7327.68,6912.7,7158.48
2022-07-15,Financial Services,7139.45,7596.83,7091.08,7460.76
2022-07-31,Financial Services,7485.0,8106.65,7473.91,8077.66
2022-08-15,Financial Services,8102.16,8372.92,8007.91,8365.14
2022-08-31,Financial Services,8388.11,8548.45,8128.22,8479.65
2022-09-15,Financial Services,8362.9,8859.82,8356.35,8738.29
2022-09-30,Financial Services,8683.03,8811.19,7950.63,8199.56
2022-10-15,Financial Services,8165.05,8382.36,8062.13,8293.48
2022-10-31,Financial Services,8274.03,8658.34,8250.14,8652.21
2022-11-15,Financial Services,8683.75,8916.19,8599.66,8903.54
2022-11-30,Financial Services,8863.43,9068.84,8809.21,9047.3
2022-12-15,Financial Services,9080.6,9204.52,8986.69,9072.91
2022-12-31,Financial Services,9034.37,9118.08,8643.95,8938.56
2023-01-15,Financial Services,8934.5,9078.36,8672.08,8816.6
2023-01-31,Financial Services,8871.32,8944.95,8337.09,8535.94
2023-02-15,Financial Services,8607.71,8774.8,8308.83,8734.85
2023-02-28,Financial Services,8769.3,8782.82,8322.65,8431.05
2023-03-15,Financial Services,8457.63,8685.34,8143.4,8163.65
2023-03-31,Financial Services,8154.17,8438.71,8087.63,8424.49
2023-04-15,Financial Services,8434.13,8791.43,8416.21,8783.34
2023-04-30,Financial Services,8831.87,8983.36,8704.14,8971.28
2023-05-15,Financial Services,9004.05,9187.89,8901.16,9164.49
2023-05-31,Financial Services,9180.51,9237.46,9004.6,9162.49
2023-06-15,Financial Services,9193.99,9273.66,9101.76,9106.65
2023-06-30,Financial Services,9114.71,9503.58,9114.71,9495.45
2023-07-15,Financial Services,9531.3,9733.51,9492.8,9557.06
2023-07-31,Financial Services,9569.3,9837.18,9529.01,9705.0
2023-08-15,Financial Services,9712.58,9728.66,9369.44,9437.49
2023-08-31,Financial Services,9375.95,9589.95,9340.42,9448.38
2023-09-15,Financial Services,9449.31,9924.88,9416.46,9907.76
2023-09-30,Financial Services,9884.45,9914.28,9530.2,9624.96
2023-10-15,Financial Services,9625.05,9703.55,9488.59,9635.7
2023-10-31,Financial Services,9634.21,9711.31,9133.3,9327.17
2023-11-15,Financial Services,9319.92,9670.84,9277.72,9648.72
2023-11-30,Financial Services,9642.04,9807.05,9518.79,9788.29
2023-12-15,Financial Services,9816.11,10498.7,9810.3,10483.19
2023-12-31,Financial Services,10487.34,10507.88,10168.0,10465.74
2024-01-15,Financial Services,10464.94,10578.77,10333.49,10560.63
2024-01-31,Financial Services,10560.33,10604.36,9846.05,10215.02
2024-02-15,Financial Services,10244.75,10366.85,9896.07,10204.43
2024-02-29,Financial Services,10267.3,10414.76,10068.05,10178.18
2024-03-15,Financial Services,10209.45,10440.31,10039.27,10139.79
2024-03-31,Financial Services,10129.06,10377.21,9963.83,10315.35
2024-04-15,Financial Services,10373.56,10759.46,10372.26,10458.01
2024-04-30,Financial Services,10389.51,10929.47,10240.78,10823.6
2024-05-15,Financial Services,10814.61,10959.59,10258.67,10456.3
2024-05-31,Financial Services,10511.63,10878.5,10419.28,10662.45
2024-06-15,Financial Services,11045.93,11110.26,9958.81,11053.5
2024-06-30,Financial Services,11081.12,11567.41,11035.31,11419.01
2024-07-15,Financial Services,11429.5,11680.75,11403.1,11574.67
2024-07-31,Financial Services,11579.5,11605.55,11182.96,11474.16
2024-08-15,Financial Services,11504.48,11537.11,10957.62,11024.67
2024-08-31,Financial Services,11102.82,11600.48,11049.92,11560.27
2024-09-15,Financial Services,11607.19,11746.97,11444.0,11738.08
2024-09-30,Financial Services,11769.13,12190.71,11715.21,11910.71
2024-10-15,Financial Services,11895.53,11966.24,11251.73,11636.78
2024-10-31,Financial Services,11601.27,11741.31,11266.23,11516.95
2024-11-15,Financial Services,11590.96,11691.04,11075.59,11168.03
2024-11-30,Financial Services,11180.22,11727.66,11088.7,11578.2
2024-12-15,Financial Services,11561.63,12024.56,11497.31,11993.45
2024-12-31,Financial Services,11980.41,12033.04,11329.02,11384.38
2025-01-15,Financial Services,11400.29,11636.61,10676.21,10883.5
2025-01-31,Financial Services,10979.53,11084.27,10632.42,11054.71
2025-02-15,Financial Services,11076.94,11283.62,10715.0,10849.75
2025-02-28,Financial Services,10797.67,10979.92,10666.43,10720.55
2020-01-15,Fmcg,11450.53,11870.03,11264.97,11854.99
2020-01-31,Fmcg,11880.44,11990.15,11623.41,11641.54
2020-02-15,Fmcg,11737.28,11782.7,11236.92,11531.89
2020-02-29,Fmcg,11569.18,11587.27,10870.95,10963.84
2020-03-15,Fmcg,11028.14,11208.99,8771.88,9781.62
2020-03-31,Fmcg,9701.51,10281.83,8491.04,10254.89
2020-04-15,Fmcg,10306.82,11239.35,9813.13,11169.36
2020-04-30,Fmcg,11151.51,11360.12,10597.26,10770.7
2020-05-15,Fmcg,10609.29,10629.72,9805.68,10077.72
2020-05-31,Fmcg,10153.56,10922.88,9959.38,10897.67
2020-06-15,Fmcg,10981.65,11255.73,10641.81,10724.17
2020-06-30,Fmcg,10848.36,11414.31,10600.82,11258.33
2020-07-15,Fmcg,11276.86,11558.18,11228.51,11500.99
2020-07-31,Fmcg,11511.66,11724.62,11316.77,11445.45
2020-08-15,Fmcg,11458.68,11932.98,11384.31,11595.24
2020-08-31,Fmcg,11635.69,11836.78,11310.47,11348.47
2020-09-15,Fmcg,11387.9,11575.09,11231.25,11380.33
2020-09-30,Fmcg,11412.14,11438.94,10724.11,11051.22
2020-10-15,Fmcg,11154.9,11255.35,10939.75,10965.92
2020-10-31,Fmcg,11002.88,11218.06,10888.58,10922.64
2020-11-15,Fmcg,10935.39,11608.61,10872.33,11567.74
2020-11-30,Fmcg,11621.73,11818.59,11355.47,11725.56
2020-12-15,Fmcg,11846.64,12782.46,11684.48,12554.12
2020-12-31,Fmcg,12594.61,12701.87,12010.19,12608.96
2021-01-15,Fmcg,12650.07,12883.17,12497.6,12753.0
2021-01-31,Fmcg,12767.14,12860.15,12163.36,12218.24
2021-02-15,Fmcg,12253.59,12894.55,12174.16,12501.3
2021-02-28,Fmcg,12558.98,12568.4,11923.33,11966.59
2021-03-15,Fmcg,12033.39,12396.44,11965.33,12216.1
2021-03-31,Fmcg,12238.69,12896.02,12136.98,12875.4
2021-04-15,Fmcg,12911.42,13123.79,12565.6,12844.58
2021-04-30,Fmcg,12916.95,12964.12,12474.11,12508.59
2021-05-15,Fmcg,12461.68,13011.69,12453.89,12990.42
2021-05-31,Fmcg,13102.54,13146.5,12863.34,13130.73
2021-06-15,Fmcg,13173.46,13416.76,13038.99,13407.03
2021-06-30,Fmcg,13441.95,13638.89,13315.71,13517.95
2021-07-15,Fmcg,13576.26,13683.54,13500.23,13581.88
2021-07-31,Fmcg,13624.99,13732.93,13408.43,13480.98
2021-08-15,Fmcg,13527.62,13796.01,13404.33,13692.07
2021-08-31,Fmcg,13716.75,14613.31,13642.12,14580.82
2021-09-15,Fmcg,14636.84,15029.38,14567.82,14936.76
2021-09-30,Fmcg,14945.48,15392.43,14838.99,14862.21
2021-10-15,Fmcg,14856.08,15375.01,14687.09,15230.14
2021-10-31,Fmcg,15357.54,15425.89,13899.08,14002.76
2021-11-15,Fmcg,14024.22,14407.15,13958.36,14375.36
2021-11-30,Fmcg,14437.53,14440.62,13459.18,13689.37
2021-12-15,Fmcg,13762.6,14110.75,13473.38,13729.54
2021-12-31,Fmcg,13811.53,13811.53,13078.95,13784.58
2022-01-15,Fmcg,13820.82,14048.72,13768.75,13932.85
2022-01-31,Fmcg,13948.01,14084.59,13019.12,13460.95
2022-02-15,Fmcg,13579.65,13895.47,13079.0,13384.59
2022-02-28,Fmcg,13436.95,13487.62,12650.94,13007.67
2022-03-15,Fmcg,12961.01,13257.55,12317.14,13123.52
2022-03-31,Fmcg,13238.47,13562.66,12963.39,13334.89
2022-04-15,Fmcg,13335.59,14203.15,13322.39,14077.05
2022-04-30,Fmcg,14039.42,14305.57,13681.45,14082.17
2022-05-15,Fmcg,13994.42,14272.6,13124.68,13481.82
2022-05-31,Fmcg,13531.08,14244.31,13401.5,14166.7
2022-06-15,Fmcg,14228.83,14358.31,13464.29,13496.63
2022-06-30,Fmcg,13572.64,13946.87,13168.08,13766.1
2022-07-15,Fmcg,13722.84,15102.55,13676.1,15091.92
2022-07-31,Fmcg,15148.11,15528.84,15014.03,15489.37
2022-08-15,Fmcg,15527.74,15765.06,15364.92,15471.79
2022-08-31,Fmcg,15505.64,15973.95,15316.69,15954.27
2022-09-15,Fmcg,15859.42,16240.56,15773.67,16077.6
2022-09-30,Fmcg,16006.4,16523.35,15660.56,16180.06
2022-10-15,Fmcg,16182.35,16255.36,15568.84,15775.01
2022-10-31,Fmcg,15735.99,16318.02,15686.4,16131.19
2022-11-15,Fmcg,16169.83,16410.95,15850.17,15994.23
2022-11-30,Fmcg,15979.24,16620.24,15821.43,16525.65
2022-12-15,Fmcg,16567.37,16811.25,16307.87,16543.28
2022-12-31,Fmcg,16522.45,16723.16,15919.3,16075.3
2023-01-15,Fmcg,16115.16,16312.38,15887.2,15988.21
2023-01-31,Fmcg,15989.72,16274.0,15829.32,16108.25
2023-02-15,Fmcg,16167.14,16699.98,15781.79,16494.63
2023-02-28,Fmcg,16537.5,16569.62,16067.88,16162.14
2023-03-15,Fmcg,16136.72,16545.17,16016.48,16031.27
2023-03-31,Fmcg,16027.95,16501.53,15966.13,16487.02
2023-04-15,Fmcg,16508.59,16727.7,16365.84,16647.47
2023-04-30,Fmcg,16675.63,17297.8,16621.02,17238.74
2023-05-15,Fmcg,17281.5,17822.25,17181.99,17782.13
2023-05-31,Fmcg,17814.31,18299.42,17409.88,18253.41
2023-06-15,Fmcg,18268.9,18695.2,18111.2,18620.8
2023-06-30,Fmcg,18644.79,18807.95,18334.97,18690.49
2023-07-15,Fmcg,18620.22,19318.33,18620.14,19173.93
2023-07-31,Fmcg,19171.88,19552.77,18737.73,18986.42
2023-08-15,Fmcg,19001.69,19051.16,18394.46,18611.79
2023-08-31,Fmcg,18604.32,18874.29,18401.8,18464.75
2023-09-15,Fmcg,18503.72,18984.43,18426.26,18797.96
2023-09-30,Fmcg,18811.83,18999.62,18556.68,18679.41
2023-10-15,Fmcg,18656.22,19058.9,18498.46,19012.71
2023-10-31,Fmcg,18992.93,19130.96,18233.34,18518.38
2023-11-15,Fmcg,18570.72,19023.17,18428.63,18975.51
2023-11-30,Fmcg,18984.65,19214.84,18909.31,19157.37
2023-12-15,Fmcg,19212.51,19855.72,19212.51,19573.38
2023-12-31,Fmcg,19548.72,20487.66,19429.29,20467.98
2024-01-15,Fmcg,20507.21,20863.68,20223.95,20420.29
2024-01-31,Fmcg,20466.41,20495.61,19685.98,19892.86
2024-02-15,Fmcg,19979.2,20124.63,19128.46,19236.15
2024-02-29,Fmcg,19312.21,19669.64,19194.38,19447.87
2024-03-15,Fmcg,19503.13,19711.24,19037.6,19384.42
2024-03-31,Fmcg,19375.46,19421.33,18827.22,19318.4
2024-04-15,Fmcg,19362.35,19568.37,18970.12,19133.33
2024-04-30,Fmcg,19063.85,19762.88,18873.79,19611.99
2024-05-15,Fmcg,19609.8,20215.95,19483.05,19651.27
2024-05-31,Fmcg,19674.35,20164.18,19462.66,19528.82
2024-06-15,Fmcg,19967.45,21029.47,19021.69,20714.99
2024-06-30,Fmcg,20737.89,20807.66,20282.15,20549.55
2024-07-15,Fmcg,20588.69,21781.83,20521.26,21750.24
2024-07-31,Fmcg,21805.41,22860.74,21760.93,22507.43
2024-08-15,Fmcg,22565.57,22669.16,21581.08,22241.92
2024-08-31,Fmcg,22342.9,23212.83,22270.55,23022.21
2024-09-15,Fmcg,23095.82,23878.89,22942.15,23691.78
2024-09-30,Fmcg,23711.37,24109.51,23411.23,23787.61
2024-10-15,Fmcg,23816.19,23837.28,22536.46,22807.39
2024-10-31,Fmcg,22825.59,22825.59,21268.35,21663.37
2024-11-15,Fmcg,21917.8,21917.8,20432.82,20457.56
2024-11-30,Fmcg,20569.61,21479.47,20272.99,21213.42
2024-12-15,Fmcg,21201.65,21267.11,20373.65,20864.1
2024-12-31,Fmcg,20916.37,20942.88,20314.15,20771.92
2025-01-15,Fmcg,20854.21,21215.46,20109.68,20240.45
2025-01-31,Fmcg,20359.54,20576.35,19877.34,20555.27
2025-02-15,Fmcg,20619.5,21428.35,19173.84,19233.29
2025-02-28,Fmcg,19160.68,19261.43,18325.03,18382.82
2020-01-15,Healthcare,13429.02,13802.54,13316.31,13788.07
2020-01-31,Healthcare,13812.95,14414.14,13805.21,13957.01
2020-02-15,Healthcare,13950.43,14529.81,13684.64,14415.0
2020-02-29,Healthcare,14460.66,14663.74,13468.47,13480.1
2020-03-15,Healthcare,13606.57,14315.67,11235.37,12675.33
2020-03-31,Healthcare,12550.32,12783.01,10947.99,12148.57
2020-04-15,Healthcare,12271.45,15280.77,11878.39,14757.68
2020-04-30,Healthcare,14800.38,15829.59,14698.3,15332.39
2020-05-15,Healthcare,15254.13,15586.09,14953.21,15029.45
2020-05-31,Healthcare,15085.68,15681.99,14829.85,15646.4
2020-06-15,Healthcare,15786.1,16408.56,15567.14,16172.5
2020-06-30,Healthcare,16302.25,16883.2,15928.87,16262.97
2020-07-15,Healthcare,16276.35,16840.35,16126.12,16738.21
2020-07-31,Healthcare,16769.38,18327.04,16659.12,18284.76
2020-08-15,Healthcare,18349.16,19846.11,18284.23,19114.4
2020-08-31,Healthcare,19248.38,19487.94,18325.07,18387.62
2020-09-15,Healthcare,18362.45,19442.41,18319.65,19318.12
2020-09-30,Healthcare,19457.62,20689.07,18887.26,19799.24
2020-10-15,Healthcare,19898.9,20658.76,19593.51,19653.37
2020-10-31,Healthcare,19707.51,20035.43,19092.17,19257.76
2020-11-15,Healthcare,19325.62,20002.03,18882.29,19938.94
2020-11-30,Healthcare,20005.17,20435.5,19577.19,20318.54
2020-12-15,Healthcare,20538.37,21454.36,20406.67,21139.11
2020-12-31,Healthcare,21245.9,21827.51,20181.17,21681.24
2021-01-15,Healthcare,21726.21,22464.34,21673.14,22034.93
2021-01-31,Healthcare,22050.22,22079.42,20568.07,20628.71
2021-02-15,Healthcare,20716.29,22062.65,20367.46,21923.98
2021-02-28,Healthcare,21959.35,22093.5,20626.48,20855.65
2021-03-15,Healthcare,21076.06,21666.64,20806.21,21068.44
2021-03-31,Healthcare,21130.21,21368.48,19863.84,21328.21
2021-04-15,Healthcare,21409.72,23047.46,21236.14,22582.42
2021-04-30,Healthcare,22706.53,23777.29,22506.88,23530.7
2021-05-15,Healthcare,23591.57,24804.32,23288.6,24090.62
2021-05-31,Healthcare,24210.45,24832.81,23945.84,24534.98
2021-06-15,Healthcare,24639.38,25606.44,24379.92,25323.69
2021-06-30,Healthcare,25359.7,25728.72,24435.1,25589.02
2021-07-15,Healthcare,25660.2,26182.17,25599.64,26014.92
2021-07-31,Healthcare,26089.16,26672.48,25332.57,26156.18
2021-08-15,Healthcare,26386.72,26683.13,25663.61,25880.69
2021-08-31,Healthcare,25949.05,26592.15,25374.36,26569.77
2021-09-15,Healthcare,26640.46,26894.69,26380.2,26879.99
2021-09-30,Healthcare,26934.19,26979.05,25528.24,26092.64
2021-10-15,Healthcare,26031.18,26745.78,25973.7,26442.42
2021-10-31,Healthcare,26534.08,26586.35,24502.92,25033.89
2021-11-15,Healthcare,25077.87,25725.83,24899.31,25684.33
2021-11-30,Healthcare,25766.41,25980.32,24457.26,25501.8
2021-12-15,Healthcare,25588.07,25696.09,24576.0,25170.05
2021-12-31,Healthcare,25294.21,26222.98,23988.82,26205.73
2022-01-15,Healthcare,26298.02,26332.13,25532.87,25767.26
2022-01-31,Healthcare,25798.79,25800.81,23364.06,24103.73
2022-02-15,Healthcare,24295.8,24935.22,23701.72,24108.3
2022-02-28,Healthcare,24279.82,24376.06,22458.19,23356.48
2022-03-15,Healthcare,23266.48,24316.53,22295.65,23881.36
2022-03-31,Healthcare,24098.97,24709.23,23842.13,24303.83
2022-04-15,Healthcare,24388.02,25129.65,24258.01,24889.4
2022-04-30,Healthcare,24840.0,25108.96,24140.52,24340.88
2022-05-15,Healthcare,24162.24,24263.67,21842.55,22318.05
2022-05-31,Healthcare,22410.31,23233.58,21766.92,22466.6
2022-06-15,Healthcare,22569.64,22569.64,21509.03,21727.72
2022-06-30,Healthcare,21811.19,21886.59,20847.55,21605.93
2022-07-15,Healthcare,21601.13,22746.82,21449.43,22591.91
2022-07-31,Healthcare,22754.65,22926.3,22109.43,22901.59
2022-08-15,Healthcare,23013.49,23372.25,22709.2,23047.47
2022-08-31,Healthcare,23046.29,23376.59,22271.39,23013.78
2022-09-15,Healthcare,22896.68,23362.52,22640.48,22994.31
2022-09-30,Healthcare,22991.57,23453.76,22360.95,23340.5
2022-10-15,Healthcare,23286.97,23875.16,22975.02,23324.89
2022-10-31,Healthcare,23251.61,23958.33,23251.61,23924.28
2022-11-15,Healthcare,23963.99,24676.73,23430.54,23782.76
2022-11-30,Healthcare,23722.02,24027.74,23256.81,23945.61
2022-12-15,Healthcare,23993.9,24060.71,23202.71,23387.91
2022-12-31,Healthcare,23289.37,23851.01,22940.5,23033.66
2023-01-15,Healthcare,23028.26,23315.68,22848.14,23065.21
2023-01-31,Healthcare,23077.64,23161.0,22349.54,22491.63
2023-02-15,Healthcare,22555.38,22712.15,22001.91,22260.65
2023-02-28,Healthcare,22332.3,22505.1,21584.54,21600.41
2023-03-15,Healthcare,21596.63,21885.9,21394.21,21530.61
2023-03-31,Healthcare,21485.95,21977.08,21407.05,21883.5
2023-04-15,Healthcare,21934.51,22964.42,21853.8,22789.0
2023-04-30,Healthcare,22782.95,23066.29,22594.3,23033.93
2023-05-15,Healthcare,23029.33,23354.56,22979.01,23240.73
2023-05-31,Healthcare,23249.74,23748.14,22689.45,23681.37
2023-06-15,Healthcare,23707.42,24916.42,23695.17,24898.23
2023-06-30,Healthcare,24983.65,25870.89,24740.02,25814.46
2023-07-15,Healthcare,25812.13,26397.91,25581.23,26229.94
2023-07-31,Healthcare,26190.42,27871.49,26190.42,27736.45
2023-08-15,Healthcare,27720.53,28580.6,27224.85,27819.2
2023-08-31,Healthcare,27794.59,28263.72,27602.2,27894.79
2023-09-15,Healthcare,27930.69,28769.22,27711.61,28682.65
2023-09-30,Healthcare,28669.27,28783.02,27618.65,28497.52
2023-10-15,Healthcare,28510.68,28561.1,27627.9,28300.4
2023-10-31,Healthcare,28252.26,28467.41,26769.71,27271.79
2023-11-15,Healthcare,27313.42,29117.37,27231.39,28951.45
2023-11-30,Healthcare,29011.7,30431.71,28980.92,30374.52
2023-12-15,Healthcare,30462.98,30785.15,29979.32,30417.38
2023-12-31,Healthcare,30487.46,31608.82,29644.98,31549.21
2024-01-15,Healthcare,31648.06,32962.91,31588.31,32835.46
2024-01-31,Healthcare,32940.72,33857.61,31729.46,33816.0
2024-02-15,Healthcare,33915.67,35383.7,33588.56,35052.17
2024-02-29,Healthcare,35673.83,35875.08,34738.37,35079.32
2024-03-15,Healthcare,35204.87,35229.22,33491.98,33910.35
2024-03-31,Healthcare,33889.61,35173.77,33389.29,35052.84
2024-04-15,Healthcare,35334.98,35879.49,34712.63,34882.92
2024-04-30,Healthcare,34804.99,35739.29,34194.26,35405.71
2024-05-15,Healthcare,35448.09,35834.45,34342.0,35165.13
2024-05-31,Healthcare,35323.87,35984.24,34707.77,34889.53
2024-06-15,Healthcare,35492.18,37336.0,33082.29,37304.76
2024-06-30,Healthcare,37369.55,37388.62,36558.31,37110.33
2024-07-15,Healthcare,37229.85,38919.1,37040.56,38781.32
2024-07-31,Healthcare,38889.75,40604.07,37880.94,40519.01
2024-08-15,Healthcare,40716.38,41327.84,39691.2,40784.56
2024-08-31,Healthcare,41058.71,43238.92,40866.72,43177.32
2024-09-15,Healthcare,43427.56,44451.06,42566.69,44309.16
2024-09-30,Healthcare,44558.06,44579.96,43404.73,44235.58
2024-10-15,Healthcare,44278.64,44881.56,42863.66,44748.47
2024-10-31,Healthcare,44766.43,44891.11,42537.14,43914.98
2024-11-15,Healthcare,44294.19,44906.33,42353.39,42509.23
2024-11-30,Healthcare,42567.41,43706.85,41884.73,43665.51
2024-12-15,Healthcare,43940.8,44651.24,43503.9,44049.87
2024-12-31,Healthcare,44134.54,45435.27,43617.44,45276.58
2025-01-15,Healthcare,45395.47,45806.79,42361.94,42492.56
2025-01-31,Healthcare,42709.85,43419.41,39931.03,41802.57
2025-02-15,Healthcare,42003.69,43351.09,39625.77,39887.39
2025-02-28,Healthcare,39613.41,40531.2,38073.56,38211.72
2020-01-15,It,15520.67,16198.18,15491.0,16143.16
2020-01-31,It,16183.2,16324.27,15832.46,15871.46
2020-02-15,It,15876.21,16509.67,15718.11,16332.89
2020-02-29,It,16388.45,16586.52,14931.09,14987.2
2020-03-15,It,15101.2,15854.72,11467.8,13295.07
2020-03-31,It,13180.04,13180.04,10937.37,12842.72
2020-04-15,It,12855.12,12994.11,11737.46,12711.29
2020-04-30,It,12453.12,14322.06,12224.39,14235.04
2020-05-15,It,13844.81,14177.97,13214.36,13314.15
2020-05-31,It,13450.02,14237.26,13277.41,14067.3
2020-06-15,It,14202.25,14961.95,14136.41,14346.5
2020-06-30,It,14575.59,15180.73,14334.06,14886.92
2020-07-15,It,14891.32,16725.81,14835.1,16511.48
2020-07-31,It,17212.29,18551.26,16923.02,18251.06
2020-08-15,It,18297.61,18512.52,17898.56,18194.73
2020-08-31,It,18238.19,18526.59,17893.69,18055.38
2020-09-15,It,18043.23,19858.27,17854.42,19645.8
2020-09-30,It,19719.23,20360.62,19024.39,19979.89
2020-10-15,It,20137.43,22808.87,20060.69,21716.56
2020-10-31,It,21817.49,22232.73,20781.77,21058.79
2020-11-15,It,21151.71,22170.3,20770.79,21743.04
2020-11-30,It,21836.28,22351.18,21231.04,21635.41
2020-12-15,It,21743.4,22947.53,21649.52,22624.21
2020-12-31,It,22734.67,24426.18,22440.23,24248.26
2021-01-15,It,24284.8,27074.01,24264.21,26352.98
2021-01-31,It,26393.35,26813.06,24729.2,24820.69
2021-02-15,It,24874.53,26381.17,24603.27,25813.42
2021-02-28,It,25991.65,25991.65,23978.4,24423.97
2021-03-15,It,24710.34,26654.22,24614.44,26370.43
2021-03-31,It,26473.7,27028.27,25390.89,26543.24
2021-04-15,It,26746.69,28385.91,26008.68,26747.21
2021-04-30,It,26906.95,27099.08,26121.16,26305.95
2021-05-15,It,26199.56,27023.81,26006.44,26131.56
2021-05-31,It,26215.9,27910.85,26137.49,27584.81
2021-06-15,It,27683.83,29060.63,27170.03,28908.23
2021-06-30,It,28986.72,30290.27,28803.73,30135.93
2021-07-15,It,30219.83,30507.48,29328.96,30414.06
2021-07-31,It,30487.66,31177.45,29702.79,30846.54
2021-08-15,It,31016.56,33045.29,30966.67,32951.9
2021-08-31,It,32973.46,34301.39,32701.16,34180.47
2021-09-15,It,34316.94,35438.27,33660.23,35353.89
2021-09-30,It,35477.04,36619.39,34074.96,34418.54
2021-10-15,It,34340.48,35995.37,34124.36,35045.09
2021-10-31,It,35324.44,36595.76,33379.84,33491.39
2021-11-15,It,33693.0,35656.65,33692.18,35468.81
2021-11-30,It,35536.82,35833.76,33232.89,34382.15
2021-12-15,It,34489.76,35730.35,34140.12,35056.62
2021-12-31,It,35350.19,38028.65,35020.71,37844.49
2022-01-15,It,37905.15,38503.68,36855.01,38441.55
2022-01-31,It,38434.64,38713.3,33308.79,34735.97
2022-02-15,It,35236.93,35780.67,33566.52,34678.47
2022-02-28,It,34900.69,34966.41,32230.72,33502.75
2022-03-15,It,33416.19,35958.31,32858.87,34996.87
2022-03-31,It,35543.35,36673.15,35284.15,36402.74
2022-04-15,It,36383.05,36902.89,34473.06,34598.82
2022-04-30,It,33393.17,33503.16,31633.68,31989.9
2022-05-15,It,31720.14,31859.74,29713.35,29967.28
2022-05-31,It,30113.45,31161.89,27976.84,30128.59
2022-06-15,It,30274.61,31018.09,28012.31,28244.01
2022-06-30,It,28592.86,28939.22,26827.24,28313.08
2022-07-15,It,28224.55,28983.06,26847.84,27122.9
2022-07-31,It,27412.01,29643.08,27410.37,29488.38
2022-08-15,It,29772.56,30721.49,29284.64,30350.8
2022-08-31,It,30502.71,30911.92,27947.6,28914.8
2022-09-15,It,28577.47,29907.5,28067.67,28270.51
2022-09-30,It,28096.41,28157.03,26742.69,27488.42
2022-10-15,It,27441.94,28748.34,27115.4,28338.37
2022-10-31,It,28233.45,29057.38,28131.1,28930.65
2022-11-15,It,29072.4,30052.94,28453.75,29997.11
2022-11-30,It,29987.44,30722.43,29221.51,30511.1
2022-12-15,It,30810.69,31232.63,28863.06,29155.38
2022-12-31,It,28935.77,29213.31,28078.26,28671.86
2023-01-15,It,28741.39,29094.33,27970.21,28955.47
2023-01-31,It,29091.61,30321.86,28940.52,29655.45
2023-02-15,It,29813.57,30857.01,29533.58,30733.87
2023-02-28,It,30822.0,31300.14,29341.98,29404.44
2023-03-15,It,29432.73,30080.44,28383.63,28489.06
2023-03-31,It,28407.83,28856.28,27457.22,28478.99
2023-04-15,It,28600.38,28873.44,28143.15,28235.2
2023-04-30,It,26962.35,27532.31,26314.34,27503.49
2023-05-15,It,27551.23,28229.9,27518.08,28079.31
2023-05-31,It,28161.5,29583.49,27753.29,29346.42
2023-06-15,It,29409.78,29633.86,28621.61,29025.99
2023-06-30,It,29033.46,29918.13,28785.37,29876.53
2023-07-15,It,29952.41,31364.81,29388.92,31296.36
2023-07-31,It,31336.57,32046.72,29764.27,30276.57
2023-08-15,It,30279.86,31383.05,30068.78,31218.63
2023-08-31,It,31321.76,31770.2,30844.64,31528.24
2023-09-15,It,31503.01,33529.02,31503.01,33468.3
2023-09-30,It,33398.42,33398.42,31812.07,32065.34
2023-10-15,It,32049.08,33308.88,31722.68,32207.95
2023-10-31,It,32189.39,32390.88,30440.8,31060.45
2023-11-15,It,31084.94,32072.02,30767.52,32022.51
2023-11-30,It,32209.32,33308.79,32061.3,33227.34
2023-12-15,It,33336.72,36527.11,33021.11,36375.03
2023-12-31,It,36358.33,36712.08,34842.94,36011.09
2024-01-15,It,36004.33,38370.51,34861.46,37785.92
2024-01-31,It,37772.11,38053.37,36835.13,37358.72
2024-02-15,It,37360.23,39158.87,37183.09,38605.47
2024-02-29,It,39085.04,39142.65,37895.9,38412.09
2024-03-15,It,38519.24,38568.46,36755.12,37926.76
2024-03-31,It,37914.31,37953.19,35408.47,35644.77
2024-04-15,It,35952.46,36425.58,35108.51,35217.1
2024-04-30,It,34874.66,34998.37,33677.81,34094.78
2024-05-15,It,34034.2,34362.08,33372.27,33908.71
2024-05-31,It,34096.39,34883.21,33123.83,33198.71
2024-06-15,It,33993.47,36031.99,31939.98,35506.07
2024-06-30,It,35597.76,37161.2,35542.36,36951.36
2024-07-15,It,36928.57,40353.27,36896.85,39750.31
2024-07-31,It,39857.47,42251.21,39610.27,41706.91
2024-08-15,It,41597.91,41852.16,38640.08,40450.84
2024-08-31,It,40991.65,43596.41,40807.3,43486.56
2024-09-15,It,43617.6,44158.53,42472.57,43984.14
2024-09-30,It,44023.07,44165.12,42110.97,42369.66
2024-10-15,It,42365.72,43708.31,41990.0,43162.28
2024-10-31,It,43061.21,43310.32,40212.69,40428.31
2024-11-15,It,40722.42,42685.98,40001.65,42078.85
2024-11-30,It,42198.94,43920.89,40810.19,42783.48
2024-12-15,It,42742.21,45791.73,42495.33,45687.93
2024-12-31,It,45556.46,45723.45,42429.5,43187.78
2025-01-15,It,43257.43,44323.1,42617.39,43077.11
2025-01-31,It,43382.87,43601.51,40920.28,41955.58
2025-02-15,It,42017.89,42713.78,40251.56,40576.64
2025-02-28,It,40353.2,40623.35,36557.86,36679.01
2020-01-15,Metal,10442.96,10869.86,10165.74,10848.57
2020-01-31,Metal,10858.01,10858.01,9459.99,9494.1
2020-02-15,Metal,9500.35,10020.39,9076.01,9639.21
2020-02-29,Metal,9670.8,9690.94,8184.41,8240.65
2020-03-15,Metal,8436.32,8656.64,5702.33,6998.5
2020-03-31,Metal,6780.0,6823.45,5336.05,5713.28
2020-04-15,Metal,5720.77,6565.17,5381.81,6337.1
2020-04-30,Metal,6318.29,6769.42,5834.18,6745.97
2020-05-15,Metal,6494.11,6598.09,6005.97,6322.08
2020-05-31,Metal,6362.92,6848.59,6052.24,6805.26
2020-06-15,Metal,6883.81,7630.0,6773.52,6969.59
2020-06-30,Metal,7106.07,7687.37,6932.5,7210.02
2020-07-15,Metal,7243.98,7689.93,7152.38,7455.3
2020-07-31,Metal,7457.3,7970.32,7321.29,7825.67
2020-08-15,Metal,7850.43,8908.08,7774.09,8742.41
2020-08-31,Metal,8784.81,9373.84,8770.91,8833.73
2020-09-15,Metal,8832.97,9288.58,8401.51,8725.32
2020-09-30,Metal,8747.02,8819.1,7843.45,8304.23
2020-10-15,Metal,8366.11,8640.17,7858.99,7912.62
2020-10-31,Metal,7961.53,8720.43,7913.53,8207.51
2020-11-15,Metal,8238.15,9526.84,8139.85,9461.93
2020-11-30,Metal,9551.65,10353.75,9507.49,10218.88
2020-12-15,Metal,10336.7,11424.63,10236.86,11352.11
2020-12-31,Metal,11434.64,11697.63,10487.0,11599.41
2021-01-15,Metal,11616.17,12903.44,11551.77,12345.75
2021-01-31,Metal,12326.38,12384.19,10972.91,11031.12
2021-02-15,Metal,11043.57,12864.33,11021.3,12489.44
2021-02-28,Metal,12518.5,14167.01,12514.69,13719.16
2021-03-15,Metal,13914.29,14625.09,13561.41,14078.43
2021-03-31,Metal,14156.32,14541.48,13129.3,14350.61
2021-04-15,Metal,14492.9,16709.89,14454.95,16013.15
2021-04-30,Metal,16106.21,18137.47,15533.83,17821.58
2021-05-15,Metal,17749.99,20429.36,17594.64,18777.06
2021-05-31,Metal,18921.96,19749.53,18158.5,18877.33
2021-06-15,Metal,18996.69,19567.5,18359.37,19334.26
2021-06-30,Metal,19255.97,19419.4,17514.46,18664.75
2021-07-15,Metal,18730.73,19349.5,18354.58,19267.65
2021-07-31,Metal,19394.85,21431.2,18607.25,21011.62
2021-08-15,Metal,21184.65,21493.08,20161.82,21164.27
2021-08-31,Metal,21310.1,21739.58,18738.48,20579.75
2021-09-15,Metal,20673.87,21207.17,20139.19,21136.83
2021-09-30,Metal,21226.42,21355.73,18899.88,20182.06
2021-10-15,Metal,20060.58,21763.68,19848.44,21492.95
2021-10-31,Metal,21950.24,22654.21,19730.27,20017.34
2021-11-15,Metal,20339.24,20810.74,19756.51,19784.39
2021-11-30,Metal,19795.9,20019.76,18130.83,18217.79
2021-12-15,Metal,18361.96,20194.21,18308.97,19606.4
2021-12-31,Metal,19762.57,19820.72,18209.47,19245.75
2022-01-15,Metal,19344.9,20496.62,19224.91,20344.81
2022-01-31,Metal,20395.7,20544.28,18516.1,18984.62
2022-02-15,Metal,19186.76,21235.54,18998.11,20398.16
2022-02-28,Metal,20504.23,20842.09,18541.39,20783.75
2022-03-15,Metal,20747.23,22318.76,20663.09,20808.9
2022-03-31,Metal,21035.84,23316.61,20974.87,22368.34
2022-04-15,Metal,22427.35,23742.99,22400.78,22906.47
2022-04-30,Metal,22990.69,23510.65,21248.78,21654.75
2022-05-15,Metal,21475.53,22044.15,17878.39,17946.07
2022-05-31,Metal,18217.69,19646.24,16953.59,18100.16
2022-06-15,Metal,18149.09,18566.16,16739.27,16816.98
2022-06-30,Metal,17016.96,17051.86,14853.05,15552.22
2022-07-15,Metal,15523.4,16449.27,14998.99,15924.63
2022-07-31,Metal,16104.74,18237.42,16072.27,18189.93
2022-08-15,Metal,18421.76,19323.72,17995.83,19239.98
2022-08-31,Metal,19379.68,19379.68,18167.28,19166.08
2022-09-15,Metal,18941.52,19945.04,18631.73,19553.85
2022-09-30,Metal,19376.26,19459.99,17240.25,18015.22
2022-10-15,Metal,18033.0,19213.02,17778.94,18633.08
2022-10-31,Metal,18546.98,19305.9,18213.56,19024.82
2022-11-15,Metal,18812.85,20605.13,18812.85,20321.3
2022-11-30,Metal,20292.09,20349.84,19579.69,20257.7
2022-12-15,Metal,20325.1,21245.84,20273.07,20575.39
2022-12-31,Metal,20319.85,21144.68,19206.23,20855.59
2023-01-15,Metal,20969.81,21555.51,20620.04,21471.37
2023-01-31,Metal,21516.43,22024.58,20696.7,21152.96
2023-02-15,Metal,21294.08,21623.17,19975.28,20257.05
2023-02-28,Metal,20327.69,20703.76,18962.95,18986.49
2023-03-15,Metal,19016.87,19907.86,19016.87,19575.72
2023-03-31,Metal,19412.74,19545.73,18668.74,19184.87
2023-04-15,Metal,19247.52,19888.81,19098.64,19797.02
2023-04-30,Metal,19736.07,20378.35,19699.47,20134.69
2023-05-15,Metal,20162.05,20580.24,19538.26,19806.11
2023-05-31,Metal,19890.11,20112.51,19262.89,19542.69
2023-06-15,Metal,19440.14,20626.36,19368.71,20506.68
2023-06-30,Metal,20580.98,20885.62,19950.87,20561.27
2023-07-15,Metal,20669.28,21481.42,20645.56,21409.16
2023-07-31,Metal,21459.86,22235.05,21034.03,22180.72
2023-08-15,Metal,22259.51,22486.2,21360.94,21480.98
2023-08-31,Metal,21419.99,21912.01,20954.26,21817.72
2023-09-15,Metal,21875.02,23785.32,21875.02,23480.18
2023-09-30,Metal,23537.89,23540.38,22522.61,23206.33
2023-10-15,Metal,23249.39,23440.68,22157.02,23197.69
2023-10-31,Metal,23201.5,23890.82,21989.1,22238.64
2023-11-15,Metal,22229.06,24025.78,21879.79,23838.37
2023-11-30,Metal,23924.57,24320.21,23520.88,24239.95
2023-12-15,Metal,24405.43,25902.95,24279.34,25845.94
2023-12-31,Metal,25795.15,27157.86,24752.74,26990.69
2024-01-15,Metal,27125.98,27297.32,25924.04,26381.18
2024-01-31,Metal,26418.23,26945.36,25126.74,26760.68
2024-02-15,Metal,26932.61,28533.86,25931.09,27407.61
2024-02-29,Metal,27810.94,27810.94,26525.31,26865.25
2024-03-15,Metal,27103.6,28951.24,26060.75,26535.7
2024-03-31,Metal,26622.47,28383.69,26495.99,28196.08
2024-04-15,Metal,28403.69,30777.79,28403.0,30246.02
2024-04-30,Metal,30161.71,31867.29,29454.57,31250.5
2024-05-15,Metal,31312.59,32136.57,30014.07,31883.57
2024-05-31,Metal,32048.5,34167.05,31486.25,32713.24
2024-06-15,Metal,33976.13,34017.45,28837.95,33596.41
2024-06-30,Metal,33676.36,33941.62,32400.57,33050.57
2024-07-15,Metal,33173.26,33878.4,32495.23,33074.95
2024-07-31,Metal,33292.51,33544.47,30459.43,32771.06
2024-08-15,Metal,33285.73,33502.29,29955.88,30312.05
2024-08-31,Metal,30679.73,32932.69,30412.97,32455.81
2024-09-15,Metal,32608.95,32608.95,30647.86,31883.46
2024-09-30,Metal,32126.46,34810.37,31033.87,34608.57
2024-10-15,Metal,34680.89,34946.48,32470.43,33076.67
2024-10-31,Metal,33033.71,33495.61,30467.04,31280.43
2024-11-15,Metal,31544.78,32162.0,29332.7,29428.79
2024-11-30,Metal,29740.53,30705.66,29447.5,30536.66
2024-12-15,Metal,30547.01,32398.05,30427.85,31741.18
2024-12-31,Metal,31768.64,31841.25,28544.42,28892.21
2025-01-15,Metal,28929.1,29491.51,26752.37,27817.69
2025-01-31,Metal,28159.61,29240.74,27216.32,28569.54
2025-02-15,Metal,28713.83,29005.31,26989.09,27621.26
2025-02-28,Metal,27515.11,29331.18,27119.91,28004.41
2020-01-15,Nifty Media,1809.6,1841.95,1706.35,1837.0
2020-01-31,Nifty Media,1839.8,1918.5,1824.1,1835.3
2020-02-15,Nifty Media,1828.55,1850.15,1745.2,1832.5
2020-02-29,Nifty Media,1836.45,1906.1,1662.3,1670.7
2020-03-15,Nifty Media,1700.25,1725.15,1139.25,1282.35
2020-03-31,Nifty Media,1214.45,1263.9,979.05,1039.95
2020-04-15,Nifty Media,1045.1,1114.65,972.95,1078.6
2020-04-30,Nifty Media,1068.9,1202.25,1064.2,1159.75
2020-05-15,Nifty Media,1126.25,1193.6,1082.85,1137.35
2020-05-31,Nifty Media,1133.85,1197.05,1053.25,1177.85
2020-06-15,Nifty Media,1194.5,1434.05,1192.6,1298.8
2020-06-30,Nifty Media,1341.4,1485.3,1292.65,1343.35
2020-07-15,Nifty Media,1335.5,1399.15,1328.55,1343.45
2020-07-31,Nifty Media,1347.2,1404.8,1279.4,1285.1
2020-08-15,Nifty Media,1280.65,1437.9,1270.2,1399.85
2020-08-31,Nifty Media,1418.65,1678.55,1414.3,1572.5
2020-09-15,Nifty Media,1574.05,1679.25,1552.8,1651.8
2020-09-30,Nifty Media,1661.45,1664.85,1420.55,1547.8
2020-10-15,Nifty Media,1604.3,1627.1,1449.65,1454.45
2020-10-31,Nifty Media,1461.5,1476.65,1387.3,1419.05
2020-11-15,Nifty Media,1422.1,1511.65,1400.4,1486.95
2020-11-30,Nifty Media,1498.6,1529.65,1455.6,1503.15
2020-12-15,Nifty Media,1514.1,1729.2,1498.25,1722.15
2020-12-31,Nifty Media,1728.85,1752.4,1517.5,1648.95
2021-01-15,Nifty Media,1652.6,1789.95,1640.2,1732.6
2021-01-31,Nifty Media,1733.8,1772.6,1645.15,1650.1
2021-02-15,Nifty Media,1676.0,1830.95,1647.9,1681.85
2021-02-28,Nifty Media,1690.1,1722.05,1608.6,1625.15
2021-03-15,Nifty Media,1643.4,1775.25,1642.5,1690.55
2021-03-31,Nifty Media,1684.95,1699.85,1527.65,1545.35
2021-04-15,Nifty Media,1553.95,1586.5,1411.05,1447.4
2021-04-30,Nifty Media,1446.7,1572.85,1409.05,1547.95
2021-05-15,Nifty Media,1538.8,1662.35,1511.3,1604.35
2021-05-31,Nifty Media,1615.4,1825.05,1584.1,1761.45
2021-06-15,Nifty Media,1771.9,1927.25,1741.85,1907.3
2021-06-30,Nifty Media,1911.1,1921.05,1772.55,1797.5
2021-07-15,Nifty Media,1799.5,1861.7,1791.65,1807.85
2021-07-31,Nifty Media,1815.65,1818.6,1724.65,1796.0
2021-08-15,Nifty Media,1808.25,1812.9,1642.95,1705.85
2021-08-31,Nifty Media,1706.5,1706.7,1569.35,1601.65
2021-09-15,Nifty Media,1610.45,2100.45,1599.65,1942.0
2021-09-30,Nifty Media,1952.25,2282.05,1885.4,2138.3
2021-10-15,Nifty Media,2124.6,2357.85,2117.6,2350.85
2021-10-31,Nifty Media,2368.45,2378.8,2198.85,2246.0
2021-11-15,Nifty Media,2263.4,2380.55,2243.7,2317.3
2021-11-30,Nifty Media,2320.4,2351.2,2145.3,2171.1
2021-12-15,Nifty Media,2186.75,2494.55,2149.6,2432.95
2021-12-31,Nifty Media,2460.85,2466.25,2151.05,2218.8
2022-01-15,Nifty Media,2212.9,2335.5,2207.3,2316.75
2022-01-31,Nifty Media,2325.55,2339.55,2076.05,2235.35
2022-02-15,Nifty Media,2257.25,2305.2,2106.75,2208.0
2022-02-28,Nifty Media,2225.6,2241.3,1903.3,2010.65
2022-03-15,Nifty Media,2001.25,2205.6,1928.75,2133.45
2022-03-31,Nifty Media,2171.55,2409.15,2133.9,2379.6
2022-04-15,Nifty Media,2392.1,2484.7,2376.0,2389.7
2022-04-30,Nifty Media,2368.05,2390.15,2143.7,2149.7
2022-05-15,Nifty Media,2126.5,2180.0,1889.3,1945.35
2022-05-31,Nifty Media,1963.7,2073.9,1841.75,2052.65
2022-06-15,Nifty Media,2052.55,2083.25,1881.35,1892.85
2022-06-30,Nifty Media,1913.05,1926.2,1752.2,1897.55
2022-07-15,Nifty Media,1893.85,1982.95,1874.1,1938.15
2022-07-31,Nifty Media,1947.9,2090.7,1943.2,2079.05
2022-08-15,Nifty Media,2098.2,2139.1,2039.9,2043.25
2022-08-31,Nifty Media,2034.3,2121.65,2017.7,2069.2
2022-09-15,Nifty Media,2034.55,2236.1,2031.65,2169.55
2022-09-30,Nifty Media,2164.25,2179.1,1988.25,2062.9
2022-10-15,Nifty Media,2074.65,2172.9,2032.0,2082.1
2022-10-31,Nifty Media,2085.15,2115.05,2047.35,2062.35
2022-11-15,Nifty Media,2075.5,2119.45,2045.6,2049.7
2022-11-30,Nifty Media,2050.55,2121.95,1974.25,2116.55
2022-12-15,Nifty Media,2127.05,2201.2,2113.6,2119.9
2022-12-31,Nifty Media,2116.35,2129.5,1887.65,1992.05
2023-01-15,Nifty Media,1995.6,2045.75,1928.65,1972.35
2023-01-31,Nifty Media,1975.8,1979.05,1832.75,1898.6
2023-02-15,Nifty Media,1907.0,1917.4,1799.8,1840.9
2023-02-28,Nifty Media,1849.7,1860.05,1654.4,1704.8
2023-03-15,Nifty Media,1701.3,1774.8,1662.05,1666.45
2023-03-31,Nifty Media,1668.0,1759.6,1636.65,1700.1
2023-04-15,Nifty Media,1713.75,1751.85,1700.8,1722.5
2023-04-30,Nifty Media,1718.7,1743.65,1658.3,1714.85
2023-05-15,Nifty Media,1721.05,1743.2,1686.05,1736.55
2023-05-31,Nifty Media,1736.5,1762.65,1655.15,1755.85
2023-06-15,Nifty Media,1761.95,1836.45,1758.4,1786.9
2023-06-30,Nifty Media,1797.5,1820.15,1727.7,1743.8
2023-07-15,Nifty Media,1751.2,1932.55,1742.15,1927.4
2023-07-31,Nifty Media,1928.35,2072.15,1926.35,2061.5
2023-08-15,Nifty Media,2068.3,2269.4,2007.95,2219.15
2023-08-31,Nifty Media,2233.8,2336.1,2223.55,2293.1
2023-09-15,Nifty Media,2311.15,2465.95,2289.1,2326.85
2023-09-30,Nifty Media,2330.1,2330.95,2219.6,2268.2
2023-10-15,Nifty Media,2269.75,2359.55,2225.3,2319.85
2023-10-31,Nifty Media,2326.8,2343.2,2092.25,2199.05
2023-11-15,Nifty Media,2203.35,2298.4,2182.9,2254.8
2023-11-30,Nifty Media,2260.8,2310.1,2250.65,2296.55
2023-12-15,Nifty Media,2310.6,2484.5,2286.9,2437.05
2023-12-31,Nifty Media,2425.95,2493.4,2306.2,2388.15
2024-01-15,Nifty Media,2400.25,2508.6,2361.45,2399.55
2024-01-31,Nifty Media,2410.0,2459.65,2057.55,2151.0
2024-02-15,Nifty Media,2174.6,2217.45,2035.45,2143.65
2024-02-29,Nifty Media,2150.5,2264.85,2011.65,2049.95
2024-03-15,Nifty Media,2042.35,2067.8,1767.3,1822.5
2024-03-31,Nifty Media,1827.25,1860.6,1768.7,1795.85
2024-04-15,Nifty Media,1816.6,1947.75,1812.85,1846.1
2024-04-30,Nifty Media,1827.4,1937.95,1826.85,1892.8
2024-05-15,Nifty Media,1896.05,1900.65,1742.95,1772.45
2024-05-31,Nifty Media,1781.05,1918.5,1778.15,1870.4
2024-06-15,Nifty Media,1948.85,2093.3,1717.4,2057.85
2024-06-30,Nifty Media,2067.8,2071.1,1986.25,1992.35
2024-07-15,Nifty Media,1999.05,2118.05,1983.3,2105.8
2024-07-31,Nifty Media,2114.9,2169.25,1887.45,2149.7
2024-08-15,Nifty Media,2162.25,2167.35,1993.7,2017.4
2024-08-31,Nifty Media,2036.25,2174.55,2035.7,2104.5
2024-09-15,Nifty Media,2112.55,2131.15,2021.9,2118.45
2024-09-30,Nifty Media,2134.75,2158.1,2045.55,2138.5
2024-10-15,Nifty Media,2138.7,2182.35,1988.7,2069.3
2024-10-31,Nifty Media,2064.4,2071.95,1877.0,2019.0
2024-11-15,Nifty Media,2029.7,2038.25,1873.95,1924.4
2024-11-30,Nifty Media,1919.45,2012.3,1880.05,1996.8
2024-12-15,Nifty Media,2010.25,2095.65,1927.95,1953.25
2024-12-31,Nifty Media,1956.35,2019.55,1801.3,1817.85
2025-01-15,Nifty Media,1816.1,1878.15,1653.5,1690.65
2025-01-31,Nifty Media,1705.85,1735.65,1523.3,1580.25
2025-02-15,Nifty Media,1584.25,1662.85,1482.4,1492.15
2025-02-28,Nifty Media,1486.25,1525.95,1373.55,1386.85
2020-01-15,Oil And Gas,14764.6,14935.93,14305.73,14776.05
2020-01-31,Oil And Gas,14843.72,14845.47,13872.34,13923.67
2020-02-15,Oil And Gas,13968.63,14424.41,13495.79,14083.38
2020-02-29,Oil And Gas,14081.05,14081.05,12507.81,12620.01
2020-03-15,Oil And Gas,12842.54,12976.29,9002.59,10838.75
2020-03-31,Oil And Gas,10568.07,10787.48,8723.9,10020.85
2020-04-15,Oil And Gas,10107.45,11266.03,9622.64,10865.6
2020-04-30,Oil And Gas,10890.98,12126.66,10736.58,12066.36
2020-05-15,Oil And Gas,11873.93,11928.27,11122.54,11199.75
2020-05-31,Oil And Gas,11293.06,11893.63,10688.54,11835.97
2020-06-15,Oil And Gas,11982.59,13025.64,11922.38,12469.67
2020-06-30,Oil And Gas,12658.43,13152.57,12269.71,12668.18
2020-07-15,Oil And Gas,12691.71,13241.03,12426.01,12528.49
2020-07-31,Oil And Gas,12567.95,13891.92,12322.15,13174.29
2020-08-15,Oil And Gas,13177.45,13460.36,12943.11,13189.07
2020-08-31,Oil And Gas,13228.99,13684.58,13021.55,13083.32
2020-09-15,Oil And Gas,13107.37,13416.08,12604.58,13305.73
2020-09-30,Oil And Gas,13333.63,13337.89,12030.97,12242.39
2020-10-15,Oil And Gas,12311.28,12383.9,11719.16,11755.19
2020-10-31,Oil And Gas,11804.84,12323.7,11773.32,12126.12
2020-11-15,Oil And Gas,12174.84,13177.59,11728.82,13148.45
2020-11-30,Oil And Gas,13296.05,13537.43,12818.83,13251.24
2020-12-15,Oil And Gas,13368.05,14789.63,13266.97,14569.19
2020-12-31,Oil And Gas,14686.79,14776.22,13183.09,14090.07
2021-01-15,Oil And Gas,14160.63,15434.55,14097.48,14955.78
2021-01-31,Oil And Gas,14993.26,15092.14,13757.94,13811.98
2021-02-15,Oil And Gas,13885.08,15083.64,13861.55,14757.56
2021-02-28,Oil And Gas,14769.69,16211.21,14769.69,15543.42
2021-03-15,Oil And Gas,15851.79,16588.3,15591.13,15779.91
2021-03-31,Oil And Gas,15831.84,15881.04,14506.45,14820.46
2021-04-15,Oil And Gas,14912.38,15113.23,14216.01,14699.7
2021-04-30,Oil And Gas,14726.37,15324.24,14255.11,14995.68
2021-05-15,Oil And Gas,14875.72,16215.65,14779.23,15583.33
2021-05-31,Oil And Gas,15655.13,16509.59,15517.82,16472.31
2021-06-15,Oil And Gas,16537.6,17482.94,16502.71,17271.11
2021-06-30,Oil And Gas,17352.69,17412.69,16155.54,16175.51
2021-07-15,Oil And Gas,16151.76,16310.63,15617.15,15650.93
2021-07-31,Oil And Gas,15652.16,15848.0,15337.14,15441.74
2021-08-15,Oil And Gas,15530.92,15954.46,15337.14,15750.7
2021-08-31,Oil And Gas,15825.54,17102.82,15694.18,17083.96
2021-09-15,Oil And Gas,17259.78,17811.29,17027.68,17732.14
2021-09-30,Oil And Gas,17593.53,18413.93,17216.92,18301.57
2021-10-15,Oil And Gas,18327.32,19362.52,18259.63,19216.73
2021-10-31,Oil And Gas,19425.59,19552.35,17933.56,18142.94
2021-11-15,Oil And Gas,18327.47,19358.19,18135.85,19118.64
2021-11-30,Oil And Gas,19160.56,19172.03,17339.58,17502.48
2021-12-15,Oil And Gas,17626.56,18590.49,17464.85,18089.3
2021-12-31,Oil And Gas,18283.73,18291.99,16919.34,17508.03
2022-01-15,Oil And Gas,17512.4,18984.02,17491.1,18873.11
2022-01-31,Oil And Gas,18994.37,19125.89,17801.72,18672.22
2022-02-15,Oil And Gas,18818.79,18818.79,17532.74,18026.34
2022-02-28,Oil And Gas,18111.06,18349.6,16528.83,17315.45
2022-03-15,Oil And Gas,17382.81,18128.16,17248.77,17487.29
2022-03-31,Oil And Gas,17679.71,19058.52,17552.34,18741.19
2022-04-15,Oil And Gas,18897.77,20319.45,18839.08,19909.65
2022-04-30,Oil And Gas,19872.48,20462.21,19374.52,19497.83
2022-05-15,Oil And Gas,19458.72,19796.9,18130.91,18471.32
2022-05-31,Oil And Gas,18529.43,19301.78,17932.92,18606.99
2022-06-15,Oil And Gas,18643.87,19397.16,18039.58,18085.32
2022-06-30,Oil And Gas,18170.49,18325.89,16378.92,18021.93
2022-07-15,Oil And Gas,18009.06,18150.1,17205.14,18058.33
2022-07-31,Oil And Gas,18137.93,19057.26,18112.94,18999.02
2022-08-15,Oil And Gas,19062.87,19800.24,18921.35,19772.86
2022-08-31,Oil And Gas,19885.64,20387.85,19196.39,20289.83
2022-09-15,Oil And Gas,20034.95,20277.62,19632.11,19904.58
2022-09-30,Oil And Gas,19874.99,19880.98,18335.64,18559.11
2022-10-15,Oil And Gas,18741.17,18909.09,18021.91,18081.19
2022-10-31,Oil And Gas,18023.41,19547.97,17823.88,19487.91
2022-11-15,Oil And Gas,19538.23,20189.88,19359.41,20164.11
2022-11-30,Oil And Gas,20175.27,20653.57,19457.99,20610.0
2022-12-15,Oil And Gas,20663.57,20806.73,20204.78,20632.25
2022-12-31,Oil And Gas,20613.74,20830.43,19124.69,20409.11
2023-01-15,Oil And Gas,20468.29,20837.79,20159.52,20619.45
2023-01-31,Oil And Gas,20657.79,21198.44,18496.66,18522.05
2023-02-15,Oil And Gas,18340.41,18489.52,17309.52,17502.43
2023-02-28,Oil And Gas,17523.34,17731.91,16878.73,16915.04
2023-03-15,Oil And Gas,16884.36,17863.15,16877.67,17382.33
2023-03-31,Oil And Gas,17366.52,17728.08,17063.45,17383.4
2023-04-15,Oil And Gas,17405.54,17863.45,17194.45,17707.95
2023-04-30,Oil And Gas,17789.95,18292.27,17679.14,18271.28
2023-05-15,Oil And Gas,18305.46,18688.11,18192.25,18380.26
2023-05-31,Oil And Gas,18450.33,18527.28,17785.48,17972.15
2023-06-15,Oil And Gas,17968.0,18404.94,17771.75,18361.24
2023-06-30,Oil And Gas,18389.7,18434.3,17847.44,18209.8
2023-07-15,Oil And Gas,18264.81,19363.82,18264.81,19064.63
2023-07-31,Oil And Gas,19031.01,19637.19,19031.01,19424.13
2023-08-15,Oil And Gas,19446.64,19512.5,18838.39,18982.98
2023-08-31,Oil And Gas,18877.05,19063.01,18390.85,18446.17
2023-09-15,Oil And Gas,18475.21,19697.64,18459.5,19259.72
2023-09-30,Oil And Gas,19227.05,19329.65,18726.39,19025.66
2023-10-15,Oil And Gas,19006.79,19070.63,18402.53,18947.49
2023-10-31,Oil And Gas,18992.24,19230.34,17770.12,18233.06
2023-11-15,Oil And Gas,18343.29,19594.23,18252.61,19548.37
2023-11-30,Oil And Gas,19650.28,20588.39,19251.92,20550.97
2023-12-15,Oil And Gas,20728.29,22739.0,20577.91,22338.61
2023-12-31,Oil And Gas,22418.17,23368.04,21574.57,23021.23
2024-01-15,Oil And Gas,23248.11,24669.6,22868.05,24637.71
2024-01-31,Oil And Gas,24678.81,26596.5,24068.08,25915.86
2024-02-15,Oil And Gas,26184.79,29258.59,25702.37,29117.62
2024-02-29,Oil And Gas,29040.45,29259.74,27434.47,27664.64
2024-03-15,Oil And Gas,27900.56,29149.26,26045.01,26886.33
2024-03-31,Oil And Gas,26809.33,27889.88,26321.18,27644.48
2024-04-15,Oil And Gas,27774.29,28775.46,27339.52,28358.64
2024-04-30,Oil And Gas,28206.13,29520.16,27740.26,28980.58
2024-05-15,Oil And Gas,29214.32,29690.75,27057.82,28415.89
2024-05-31,Oil And Gas,28663.26,29783.56,28176.69,28639.87
2024-06-15,Oil And Gas,30092.77,30952.96,25671.31,29611.27
2024-06-30,Oil And Gas,29927.66,29927.66,28400.35,29473.4
2024-07-15,Oil And Gas,29579.76,31770.59,29429.26,31734.07
2024-07-31,Oil And Gas,31847.69,32953.97,29300.0,32563.42
2024-08-15,Oil And Gas,32746.55,32912.55,30713.02,31407.41
2024-08-31,Oil And Gas,31645.7,33282.92,31548.21,32978.1
2024-09-15,Oil And Gas,33138.89,33309.54,30257.88,30691.29
2024-09-30,Oil And Gas,30852.78,32136.2,29595.28,31835.31
2024-10-15,Oil And Gas,31827.56,32035.4,29104.68,30131.04
2024-10-31,Oil And Gas,30193.56,30437.63,27091.71,27457.79
2024-11-15,Oil And Gas,27674.52,28223.76,26066.28,26201.33
2024-11-30,Oil And Gas,26114.27,26998.75,24950.78,26812.75
2024-12-15,Oil And Gas,26812.26,27401.93,26563.67,27081.39
2024-12-31,Oil And Gas,27055.8,27137.68,25617.81,26064.59
2025-01-15,Oil And Gas,26056.97,27095.13,25003.14,25552.3
2025-01-31,Oil And Gas,25849.0,26586.88,24171.55,25428.97
2025-02-15,Oil And Gas,25438.49,25631.57,23082.97,23352.42
2025-02-28,Oil And Gas,23266.22,24347.7,22518.12,22573.53
2020-01-15,Power,1932.87,1996.06,1905.36,1990.79
2020-01-31,Power,2000.29,2057.4,1892.31,1899.25
2020-02-15,Power,1894.93,1930.27,1810.39,1851.73
2020-02-29,Power,1851.5,1857.5,1706.49,1716.78
2020-03-15,Power,1746.28,1787.07,1340.57,1551.15
2020-03-31,Power,1538.46,1538.46,1275.07,1377.95
2020-04-15,Power,1384.67,1489.8,1327.78,1440.9
2020-04-30,Power,1436.18,1547.63,1422.67,1490.51
2020-05-15,Power,1469.72,1498.36,1388.68,1443.62
2020-05-31,Power,1450.03,1486.92,1394.46,1481.53
2020-06-15,Power,1502.06,1599.48,1494.58,1509.16
2020-06-30,Power,1527.26,1677.83,1478.12,1574.86
2020-07-15,Power,1561.96,1641.17,1513.86,1516.46
2020-07-31,Power,1524.38,1582.19,1488.42,1538.93
2020-08-15,Power,1536.66,1602.86,1521.91,1578.11
2020-08-31,Power,1594.34,1766.25,1588.68,1669.87
2020-09-15,Power,1676.47,1752.11,1644.33,1723.16
2020-09-30,Power,1745.64,1745.64,1571.07,1652.97
2020-10-15,Power,1664.24,1680.84,1587.86,1592.09
2020-10-31,Power,1601.98,1739.6,1595.62,1729.35
2020-11-15,Power,1744.11,1885.7,1718.72,1878.36
2020-11-30,Power,1884.81,2023.05,1882.0,1999.37
2020-12-15,Power,2016.09,2111.79,1994.3,2080.94
2020-12-31,Power,2091.31,2103.92,1950.91,2062.13
2021-01-15,Power,2061.77,2163.2,2061.77,2114.24
2021-01-31,Power,2110.97,2152.45,2000.08,2004.65
2021-02-15,Power,2018.05,2284.77,1996.31,2264.5
2021-02-28,Power,2282.63,2481.93,2267.81,2418.77
2021-03-15,Power,2454.66,2582.9,2438.3,2538.86
2021-03-31,Power,2550.72,2591.87,2390.91,2475.13
2021-04-15,Power,2489.3,2593.75,2339.05,2421.41
2021-04-30,Power,2435.32,2524.07,2356.82,2481.15
2021-05-15,Power,2456.28,2718.46,2445.25,2643.11
2021-05-31,Power,2654.28,2919.65,2644.97,2816.44
2021-06-15,Power,2828.64,3083.79,2804.09,2949.34
2021-06-30,Power,2925.93,2928.53,2696.75,2755.48
2021-07-15,Power,2758.28,2758.28,2641.65,2707.68
2021-07-31,Power,2719.44,2736.01,2575.44,2616.52
2021-08-15,Power,2624.99,2725.81,2582.54,2710.67
2021-08-31,Power,2707.05,2930.13,2649.63,2921.29
2021-09-15,Power,2954.2,3146.19,2909.68,3133.14
2021-09-30,Power,3142.21,3211.34,2984.3,3198.73
2021-10-15,Power,3203.82,3533.26,3167.03,3514.86
2021-10-31,Power,3574.97,3675.09,3226.78,3337.7
2021-11-15,Power,3336.3,3594.49,3327.11,3564.39
2021-11-30,Power,3578.65,3675.37,3406.0,3456.56
2021-12-15,Power,3445.15,3678.89,3406.32,3619.14
2021-12-31,Power,3658.57,3658.57,3401.97,3481.71
2022-01-15,Power,3504.6,3859.03,3490.94,3846.99
2022-01-31,Power,3854.52,3995.86,3748.3,3937.46
2022-02-15,Power,3983.04,4013.13,3680.49,3821.77
2022-02-28,Power,3827.41,3936.7,3610.79,3854.35
2022-03-15,Power,3805.15,4016.42,3779.3,3839.45
2022-03-31,Power,3891.47,4126.02,3874.14,4043.63
2022-04-15,Power,4065.38,4923.43,4062.9,4781.94
2022-04-30,Power,4779.67,4961.37,4648.24,4775.51
2022-05-15,Power,4760.19,4871.56,4151.07,4215.14
2022-05-31,Power,4239.14,4487.78,4092.37,4226.34
2022-06-15,Power,4176.17,4241.52,3979.32,3987.94
2022-06-30,Power,4038.09,4100.83,3720.96,4067.0
2022-07-15,Power,4078.95,4497.38,3989.02,4390.23
2022-07-31,Power,4433.39,4592.33,4415.42,4556.28
2022-08-15,Power,4583.68,4865.09,4561.89,4858.04
2022-08-31,Power,4872.88,5249.56,4872.88,5227.96
2022-09-15,Power,5198.14,5338.9,5082.47,5329.57
2022-09-30,Power,5320.17,5352.94,4609.42,4748.88
2022-10-15,Power,4747.24,4802.28,4521.21,4603.12
2022-10-31,Power,4585.78,4882.23,4563.09,4866.96
2022-11-15,Power,4873.03,4988.04,4806.42,4846.03
2022-11-30,Power,4831.0,4846.68,4568.15,4698.99
2022-12-15,Power,4728.81,4743.11,4495.09,4546.84
2022-12-31,Power,4518.32,4556.5,4073.94,4381.29
2023-01-15,Power,4392.29,4437.62,4277.89,4428.55
2023-01-31,Power,4436.78,4560.64,3761.75,3906.54
2023-02-15,Power,3974.69,3977.62,3390.43,3407.14
2023-02-28,Power,3405.1,3452.76,3235.62,3296.34
2023-03-15,Power,3302.27,3636.18,3302.27,3587.0
2023-03-31,Power,3593.99,3715.86,3516.99,3605.8
2023-04-15,Power,3617.25,3715.74,3547.4,3654.12
2023-04-30,Power,3665.44,3753.27,3594.96,3743.87
2023-05-15,Power,3772.83,3876.42,3768.91,3796.66
2023-05-31,Power,3792.01,3871.51,3675.73,3819.3
2023-06-15,Power,3830.16,4006.51,3807.41,3986.71
2023-06-30,Power,3988.55,4052.63,3899.89,4010.86
2023-07-15,Power,4020.88,4122.72,3940.93,3972.34
2023-07-31,Power,3978.7,4383.79,3973.1,4379.71
2023-08-15,Power,4384.16,4392.26,4161.1,4198.74
2023-08-31,Power,4198.68,4449.08,4183.99,4351.96
2023-09-15,Power,4344.21,4834.39,4320.52,4623.86
2023-09-30,Power,4639.66,4703.6,4587.15,4659.6
2023-10-15,Power,4660.68,4660.68,4443.68,4537.9
2023-10-31,Power,4541.45,4605.98,4196.78,4431.42
2023-11-15,Power,4440.56,4674.84,4373.37,4638.52
2023-11-30,Power,4639.63,4978.64,4620.34,4920.85
2023-12-15,Power,4957.34,5815.25,4953.79,5781.63
2023-12-31,Power,5794.83,5869.23,5426.45,5818.64
2024-01-15,Power,5843.95,6134.1,5729.03,6103.23
2024-01-31,Power,6111.42,6345.66,5763.31,6317.35
2024-02-15,Power,6372.7,6636.84,6164.28,6556.48
2024-02-29,Power,6576.15,6710.99,6438.7,6589.5
2024-03-15,Power,6663.95,6862.82,6112.07,6373.04
2024-03-31,Power,6330.93,6740.88,6195.81,6701.74
2024-04-15,Power,6770.05,7162.94,6756.1,6926.06
2024-04-30,Power,6892.9,7258.92,6780.8,7220.06
2024-05-15,Power,7239.02,7510.57,6969.99,7492.85
2024-05-31,Power,7534.31,7870.53,7405.39,7699.46
2024-06-15,Power,8239.6,8339.88,6745.33,7901.16
2024-06-30,Power,7963.9,8054.34,7757.61,7954.5
2024-07-15,Power,7989.24,8178.92,7843.71,8097.05
2024-07-31,Power,8115.88,8458.05,7488.98,8442.07
2024-08-15,Power,8470.46,8532.23,8045.97,8083.97
2024-08-31,Power,8130.35,8372.13,8047.55,8231.68
2024-09-15,Power,8266.65,8283.16,7849.12,8212.19
2024-09-30,Power,8289.95,8795.65,8250.68,8651.98
2024-10-15,Power,8680.89,8724.2,7988.23,8418.75
2024-10-31,Power,8429.96,8493.64,7626.74,7829.12
2024-11-15,Power,7902.29,7995.99,7298.18,7308.9
2024-11-30,Power,7408.83,7549.84,7081.16,7489.62
2024-12-15,Power,7495.55,7695.13,7435.63,7574.08
2024-12-31,Power,7596.66,7621.61,6881.98,6965.68
2025-01-15,Power,6989.85,7123.43,6135.32,6537.51
2025-01-31,Power,6662.18,6808.75,6095.7,6553.29
2025-02-15,Power,6622.99,6689.04,5776.62,5826.15
2025-02-28,Power,5777.77,6168.42,5676.44,5763.16
2020-01-15,Realty,2288.83,2467.07,2229.94,2454.48
2020-01-31,Realty,2459.31,2542.84,2442.34,2526.17
2020-02-15,Realty,2530.5,2564.83,2271.79,2357.82
2020-02-29,Realty,2367.56,2374.88,2088.36,2123.91
2020-03-15,Realty,2148.95,2184.91,1583.96,1792.95
2020-03-31,Realty,1756.02,1756.02,1275.24,1353.65
2020-04-15,Realty,1332.5,1447.64,1295.77,1381.28
2020-04-30,Realty,1375.15,1484.7,1363.27,1450.37
2020-05-15,Realty,1443.43,1443.43,1303.74,1346.16
2020-05-31,Realty,1349.69,1416.94,1259.01,1411.46
2020-06-15,Realty,1424.76,1620.04,1423.86,1538.56
2020-06-30,Realty,1558.66,1729.52,1504.99,1581.44
2020-07-15,Realty,1581.34,1658.35,1534.85,1538.44
2020-07-31,Realty,1545.97,1605.57,1515.59,1575.68
2020-08-15,Realty,1590.08,1666.56,1550.91,1629.09
2020-08-31,Realty,1651.98,1878.05,1631.45,1758.4
2020-09-15,Realty,1738.83,1800.86,1643.91,1749.55
2020-09-30,Realty,1754.52,1819.97,1604.18,1671.43
2020-10-15,Realty,1683.74,1755.99,1646.39,1652.92
2020-10-31,Realty,1655.18,1884.42,1642.35,1804.06
2020-11-15,Realty,1801.06,1934.69,1761.11,1924.35
2020-11-30,Realty,1927.93,2074.64,1922.32,2061.69
2020-12-15,Realty,2065.19,2326.28,2065.19,2281.88
2020-12-31,Realty,2295.69,2495.45,2218.94,2478.14
2021-01-15,Realty,2476.04,2738.43,2460.28,2619.33
2021-01-31,Realty,2613.93,2703.96,2386.82,2418.52
2021-02-15,Realty,2438.21,2885.76,2417.72,2833.46
2021-02-28,Realty,2859.02,2890.61,2667.81,2786.95
2021-03-15,Realty,2815.46,2909.94,2731.89,2773.28
2021-03-31,Realty,2779.48,2788.98,2524.53,2670.31
2021-04-15,Realty,2663.82,2683.6,2423.48,2492.7
2021-04-30,Realty,2486.24,2518.97,2370.31,2468.2
2021-05-15,Realty,2446.87,2514.69,2375.22,2388.85
2021-05-31,Realty,2424.16,2700.06,2393.57,2680.01
2021-06-15,Realty,2694.97,2900.73,2636.57,2847.66
2021-06-30,Realty,2849.38,2864.5,2648.35,2740.68
2021-07-15,Realty,2744.24,3136.51,2726.48,3123.56
2021-07-31,Realty,3143.69,3235.99,3072.12,3182.51
2021-08-15,Realty,3202.23,3377.31,3013.99,3147.79
2021-08-31,Realty,3136.7,3167.49,2927.35,3084.98
2021-09-15,Realty,3100.57,3444.07,3097.02,3364.75
2021-09-30,Realty,3373.13,4148.81,3217.61,4103.77
2021-10-15,Realty,4100.36,4379.36,3991.99,4285.28
2021-10-31,Realty,4325.38,4382.8,3859.75,3985.28
2021-11-15,Realty,4015.24,4464.31,4012.44,4314.88
2021-11-30,Realty,4336.57,4375.16,3681.24,3799.9
2021-12-15,Realty,3817.17,4129.48,3774.67,3955.97
2021-12-31,Realty,3994.97,4005.53,3509.19,3841.12
2022-01-15,Realty,3842.31,4083.81,3816.24,4041.33
2022-01-31,Realty,4053.08,4181.83,3546.47,3811.61
2022-02-15,Realty,3853.19,3961.31,3426.61,3579.8
2022-02-28,Realty,3595.63,3666.5,3250.55,3466.04
2022-03-15,Realty,3446.66,3489.04,3089.42,3348.32
2022-03-31,Realty,3388.11,3698.74,3388.11,3681.83
2022-04-15,Realty,3692.35,3831.42,3661.48,3684.82
2022-04-30,Realty,3636.16,3671.43,3417.01,3528.96
2022-05-15,Realty,3497.89,3573.94,3010.12,3058.14
2022-05-31,Realty,3070.32,3293.1,2943.15,3278.26
2022-06-15,Realty,3286.56,3309.76,3045.5,3091.79
2022-06-30,Realty,3120.06,3131.94,2913.52,3068.27
2022-07-15,Realty,3054.53,3376.53,3046.52,3345.09
2022-07-31,Realty,3364.94,3620.97,3352.94,3591.24
2022-08-15,Realty,3600.48,3611.2,3420.1,3530.69
2022-08-31,Realty,3535.84,3701.77,3461.57,3690.82
2022-09-15,Realty,3662.88,3860.48,3650.38,3754.49
2022-09-30,Realty,3744.85,3786.55,3271.95,3376.9
2022-10-15,Realty,3384.79,3502.81,3314.25,3346.22
2022-10-31,Realty,3326.74,3502.21,3282.29,3492.7
2022-11-15,Realty,3490.15,3620.56,3466.64,3606.13
2022-11-30,Realty,3592.39,3607.94,3472.19,3586.77
2022-12-15,Realty,3591.39,3724.2,3524.32,3558.89
2022-12-31,Realty,3520.44,3568.76,3250.11,3446.85
2023-01-15,Realty,3463.12,3511.97,3373.43,3400.19
2023-01-31,Realty,3404.22,3444.03,3202.53,3279.56
2023-02-15,Realty,3293.23,3348.74,3194.13,3250.5
2023-02-28,Realty,3266.81,3309.44,3038.01,3152.06
2023-03-15,Realty,3148.7,3333.59,3058.9,3070.95
2023-03-31,Realty,3073.66,3205.08,2965.82,3101.56
2023-04-15,Realty,3111.62,3419.65,3101.58,3404.58
2023-04-30,Realty,3404.48,3568.75,3379.5,3560.04
2023-05-15,Realty,3557.28,3825.08,3537.27,3782.48
2023-05-31,Realty,3806.24,3844.41,3596.93,3833.16
2023-06-15,Realty,3835.69,4219.49,3796.59,4147.11
2023-06-30,Realty,4159.28,4194.45,4025.6,4161.18
2023-07-15,Realty,4161.85,4338.46,4150.06,4322.8
2023-07-31,Realty,4314.39,4551.27,4246.05,4536.14
2023-08-15,Realty,4515.7,4518.56,4168.85,4225.26
2023-08-31,Realty,4211.42,4494.69,4202.44,4468.16
2023-09-15,Realty,4470.19,4803.41,4458.9,4693.02
2023-09-30,Realty,4705.32,4705.32,4459.34,4605.93
2023-10-15,Realty,4621.1,4945.39,4485.71,4889.12
2023-10-31,Realty,4906.5,4915.07,4445.03,4776.55
2023-11-15,Realty,4784.09,5421.26,4782.67,5409.46
2023-11-30,Realty,5421.82,5674.4,5405.55,5656.79
2023-12-15,Realty,5699.12,6143.78,5686.97,6060.59
2023-12-31,Realty,6052.99,6197.8,5707.28,6186.94
2024-01-15,Realty,6176.84,7066.75,6116.73,6979.33
2024-01-31,Realty,6987.98,6987.98,6277.47,6766.41
2024-02-15,Realty,6817.11,7052.69,6588.37,6866.2
2024-02-29,Realty,7001.27,7398.64,6887.15,7195.44
2024-03-15,Realty,7237.83,7389.77,6382.57,6560.58
2024-03-31,Realty,6619.08,7143.41,6472.41,7108.37
2024-04-15,Realty,7128.02,7637.21,7128.02,7412.65
2024-04-30,Realty,7329.76,7725.43,7149.96,7643.26
2024-05-15,Realty,7629.89,7797.56,7156.99,7575.61
2024-05-31,Realty,7605.39,8166.97,7603.17,7979.82
2024-06-15,Realty,8320.83,8857.7,7312.67,8820.51
2024-06-30,Realty,8871.54,9059.57,8502.53,8634.76
2024-07-15,Realty,8705.32,8906.62,8430.85,8656.25
2024-07-31,Realty,8678.51,8847.04,8155.79,8540.17
2024-08-15,Realty,8578.26,8580.67,7672.65,7993.98
2024-08-31,Realty,8049.16,8297.19,7905.12,8233.53
2024-09-15,Realty,8267.86,8318.24,7982.5,8232.07
2024-09-30,Realty,8324.29,8906.8,8149.86,8592.66
2024-10-15,Realty,8617.7,8625.81,7899.93,8421.31
2024-10-31,Realty,8477.99,8510.65,7476.75,7808.73
2024-11-15,Realty,7895.37,8015.36,7263.48,7396.71
2024-11-30,Realty,7517.67,8143.14,7398.65,7959.82
2024-12-15,Realty,8023.1,8549.67,7941.46,8448.93
2024-12-31,Realty,8485.51,8871.98,8134.36,8234.1
2025-01-15,Realty,8269.36,8276.07,7069.97,7260.72
2025-01-31,Realty,7379.86,7500.88,6534.63,7150.59
2025-02-15,Realty,7227.88,7499.91,6394.69,6483.8
2025-02-28,Realty,6411.09,6737.33,6106.17,6191.16
2022-09-30,Service,,,,936.11
2022-10-15,Service,936.13,952.46,905.61,908.42
2022-10-31,Service,907.84,937.43,899.25,932.24
2022-11-15,Service,934.56,973.16,933.66,967.24
2022-11-30,Service,969.44,981.36,943.06,979.57
2022-12-15,Service,982.86,1004.65,981.61,985.39
2022-12-31,Service,982.36,995.21,892.64,941.13
2023-01-15,Service,943.27,956.21,920.11,929.9
2023-01-31,Service,928.33,934.27,799.19,839.77
2023-02-15,Service,851.15,851.15,739.75,797.93
2023-02-28,Service,800.84,806.75,767.78,791.24
2023-03-15,Service,794.01,851.53,792.63,826.0
2023-03-31,Service,827.18,831.84,764.93,804.78
2023-04-15,Service,809.82,833.89,802.08,831.21
2023-04-30,Service,830.53,852.62,826.1,851.54
2023-05-15,Service,852.18,894.92,850.88,886.2
2023-05-31,Service,886.06,921.36,861.82,910.1
2023-06-15,Service,907.84,936.06,906.46,931.63
2023-06-30,Service,931.07,956.17,913.55,948.16
2023-07-15,Service,951.32,963.1,938.81,959.85
2023-07-31,Service,962.78,990.18,957.21,988.29
2023-08-15,Service,989.43,1000.8,957.88,972.13
2023-08-31,Service,964.11,1019.67,960.32,997.53
2023-09-15,Service,992.98,1076.35,992.97,1038.06
2023-09-30,Service,1039.83,1040.41,1010.31,1017.3
2023-10-15,Service,1019.88,1040.03,1003.0,1036.0
2023-10-31,Service,1038.63,1042.09,957.34,986.67
2023-11-15,Service,988.65,1039.19,974.22,1037.08
2023-11-30,Service,1039.78,1075.3,1031.36,1072.77
2023-12-15,Service,1078.37,1220.42,1076.4,1208.71
2023-12-31,Service,1210.98,1233.38,1151.15,1215.42
2024-01-15,Service,1221.95,1321.7,1206.64,1317.03
2024-01-31,Service,1317.97,1322.66,1236.71,1313.89
2024-02-15,Service,1320.77,1394.9,1300.21,1358.16
2024-02-29,Service,1388.84,1407.68,1361.03,1390.52
2024-03-15,Service,1399.54,1407.14,1254.1,1324.13
2024-03-31,Service,1313.09,1386.43,1285.86,1376.64
2024-04-15,Service,1391.14,1440.57,1377.72,1390.68
2024-04-30,Service,1381.51,1481.99,1357.74,1453.4
2024-05-15,Service,1463.19,1487.21,1383.23,1465.16
2024-05-31,Service,1473.58,1528.03,1447.93,1475.48
2024-06-15,Service,1552.67,1559.02,1293.39,1536.0
2024-06-30,Service,1552.87,1558.83,1521.92,1541.91
2024-07-15,Service,1550.0,1602.21,1535.7,1591.75
2024-07-31,Service,1601.03,1643.54,1497.51,1636.15
2024-08-15,Service,1639.24,1649.86,1529.48,1540.86
2024-08-31,Service,1552.86,1638.43,1546.65,1617.84
2024-09-15,Service,1627.66,1630.37,1562.1,1613.72
2024-09-30,Service,1621.63,1623.8,1563.56,1590.09
2024-10-15,Service,1594.94,1608.7,1489.16,1565.45
2024-10-31,Service,1561.71,1566.51,1372.51,1455.15
2024-11-15,Service,1466.73,1475.33,1369.85,1372.42
2024-11-30,Service,1385.47,1431.68,1300.12,1421.57
2024-12-15,Service,1426.76,1490.92,1415.96,1469.6
2024-12-31,Service,1469.9,1475.56,1394.27,1426.21
2025-01-15,Service,1434.08,1440.22,1274.73,1320.13
2025-01-31,Service,1342.22,1359.73,1266.07,1319.22
2025-02-15,Service,1330.28,1359.84,1245.49,1258.65
2025-02-28,Service,1254.92,1322.65,1233.35,1252.36
2020-01-15,Telecom,1123.78,1145.71,1065.37,1135.35
2020-01-31,Telecom,1135.71,1239.41,1116.94,1178.61
2020-02-15,Telecom,1180.88,1283.1,1149.01,1278.59
2020-02-29,Telecom,1276.74,1287.35,1162.27,1182.77
2020-03-15,Telecom,1206.19,1214.01,982.75,1143.73
2020-03-31,Telecom,1117.46,1135.74,839.92,971.61
2020-04-15,Telecom,975.84,1175.37,913.22,1122.49
2020-04-30,Telecom,1115.67,1136.77,1051.35,1133.68
2020-05-15,Telecom,1123.82,1260.87,1097.57,1232.84
2020-05-31,Telecom,1244.01,1351.13,1198.44,1261.08
2020-06-15,Telecom,1276.14,1381.64,1235.19,1280.47
2020-06-30,Telecom,1294.92,1358.4,1244.04,1305.8
2020-07-15,Telecom,1333.32,1371.69,1294.88,1303.87
2020-07-31,Telecom,1304.14,1338.88,1249.98,1275.79
2020-08-15,Telecom,1270.29,1309.0,1227.48,1240.99
2020-08-31,Telecom,1252.88,1272.32,1212.93,1227.33
2020-09-15,Telecom,1242.11,1307.41,1156.48,1191.98
2020-09-30,Telecom,1198.23,1204.28,1011.24,1035.11
2020-10-15,Telecom,1048.62,1070.58,980.61,988.13
2020-10-31,Telecom,997.33,1171.63,982.74,1065.98
2020-11-15,Telecom,1068.75,1166.86,1068.75,1157.18
2020-11-30,Telecom,1173.34,1205.95,1136.59,1158.98
2020-12-15,Telecom,1167.9,1276.23,1156.37,1258.29
2020-12-31,Telecom,1259.3,1301.08,1190.1,1268.2
2021-01-15,Telecom,1273.03,1487.93,1268.49,1481.44
2021-01-31,Telecom,1483.29,1484.27,1341.93,1347.56
2021-02-15,Telecom,1365.05,1495.56,1339.16,1452.06
2021-02-28,Telecom,1458.14,1476.1,1388.43,1397.85
2021-03-15,Telecom,1400.4,1406.07,1319.15,1340.0
2021-03-31,Telecom,1339.4,1362.85,1259.95,1295.83
2021-04-15,Telecom,1301.2,1382.18,1296.49,1344.48
2021-04-30,Telecom,1345.11,1377.14,1310.93,1341.39
2021-05-15,Telecom,1331.3,1418.36,1324.32,1382.93
2021-05-31,Telecom,1399.81,1399.81,1314.72,1345.86
2021-06-15,Telecom,1353.93,1417.69,1334.47,1404.01
2021-06-30,Telecom,1404.9,1442.71,1335.0,1370.05
2021-07-15,Telecom,1369.6,1417.21,1356.34,1382.47
2021-07-31,Telecom,1384.98,1466.33,1369.19,1437.45
2021-08-15,Telecom,1447.26,1555.57,1433.6,1551.62
2021-08-31,Telecom,1552.9,1600.91,1444.83,1591.09
2021-09-15,Telecom,1600.81,1768.97,1576.99,1746.48
2021-09-30,Telecom,1794.23,1849.11,1753.56,1760.54
2021-10-15,Telecom,1759.02,1810.58,1725.92,1765.45
2021-10-31,Telecom,1796.72,1814.71,1693.91,1714.29
2021-11-15,Telecom,1721.82,1841.73,1721.56,1823.17
2021-11-30,Telecom,1831.74,1923.17,1768.62,1828.52
2021-12-15,Telecom,1839.57,1883.17,1792.05,1808.72
2021-12-31,Telecom,1823.95,1829.95,1694.24,1813.32
2022-01-15,Telecom,1820.04,1944.01,1817.37,1911.47
2022-01-31,Telecom,1909.56,1936.37,1732.5,1819.84
2022-02-15,Telecom,1828.78,1843.03,1718.32,1779.14
2022-02-28,Telecom,1791.09,1816.74,1600.89,1679.16
2022-03-15,Telecom,1674.46,1721.43,1572.16,1700.88
2022-03-31,Telecom,1710.93,1843.84,1710.8,1838.54
2022-04-15,Telecom,1852.53,1971.51,1852.53,1887.96
2022-04-30,Telecom,1857.79,1870.82,1754.6,1759.87
2022-05-15,Telecom,1736.75,1744.29,1554.69,1561.92
2022-05-31,Telecom,1573.88,1690.29,1531.49,1634.81
2022-06-15,Telecom,1635.5,1649.45,1566.93,1580.05
2022-06-30,Telecom,1598.51,1598.6,1467.09,1564.49
2022-07-15,Telecom,1569.77,1635.53,1536.43,1602.9
2022-07-31,Telecom,1619.96,1665.53,1601.62,1628.68
2022-08-15,Telecom,1641.67,1683.65,1598.1,1640.34
2022-08-31,Telecom,1648.6,1729.47,1631.51,1720.6
2022-09-15,Telecom,1710.73,1832.76,1710.55,1810.86
2022-09-30,Telecom,1806.74,1812.12,1671.28,1744.22
2022-10-15,Telecom,1757.76,1789.75,1704.81,1721.43
2022-10-31,Telecom,1716.73,1783.98,1703.54,1781.9
2022-11-15,Telecom,1785.75,1811.33,1755.91,1807.98
2022-11-30,Telecom,1806.75,1835.33,1793.34,1827.08
2022-12-15,Telecom,1830.82,1842.13,1781.19,1810.77
2022-12-31,Telecom,1804.98,1820.99,1657.96,1732.09
2023-01-15,Telecom,1740.51,1768.58,1684.52,1698.35
2023-01-31,Telecom,1700.44,1706.24,1548.07,1608.58
2023-02-15,Telecom,1618.59,1659.99,1548.71,1635.13
2023-02-28,Telecom,1636.84,1644.43,1536.42,1557.76
2023-03-15,Telecom,1551.5,1613.51,1520.09,1522.72
2023-03-31,Telecom,1516.76,1543.0,1473.77,1500.88
2023-04-15,Telecom,1505.7,1551.59,1504.92,1535.63
2023-04-30,Telecom,1551.22,1610.12,1502.63,1601.34
2023-05-15,Telecom,1604.96,1619.89,1573.44,1612.38
2023-05-31,Telecom,1614.66,1687.42,1580.73,1667.27
2023-06-15,Telecom,1655.78,1802.04,1652.8,1774.88
2023-06-30,Telecom,1774.82,1790.6,1743.17,1780.45
2023-07-15,Telecom,1785.87,1820.59,1760.65,1815.53
2023-07-31,Telecom,1821.73,1891.53,1797.65,1880.37
2023-08-15,Telecom,1883.77,1906.07,1824.68,1847.25
2023-08-31,Telecom,1849.3,1947.26,1812.26,1940.53
2023-09-15,Telecom,1945.58,2131.43,1945.28,2117.14
2023-09-30,Telecom,2132.72,2135.75,2033.96,2111.52
2023-10-15,Telecom,2112.6,2137.28,2026.28,2117.37
2023-10-31,Telecom,2120.03,2129.42,1918.46,1991.34
2023-11-15,Telecom,1986.12,2099.68,1978.09,2094.66
2023-11-30,Telecom,2103.17,2140.59,2088.12,2134.01
2023-12-15,Telecom,2147.68,2204.33,2114.21,2194.22
2023-12-31,Telecom,2214.55,2270.17,2079.57,2265.17
2024-01-15,Telecom,2276.68,2381.94,2256.96,2374.63
2024-01-31,Telecom,2385.98,2455.63,2274.22,2422.41
2024-02-15,Telecom,2421.66,2453.66,2282.96,2394.81
2024-02-29,Telecom,2399.53,2519.58,2385.07,2451.73
2024-03-15,Telecom,2466.28,2534.98,2288.47,2429.29
2024-03-31,Telecom,2436.1,2509.44,2381.04,2496.05
2024-04-15,Telecom,2506.8,2617.41,2506.8,2570.83
2024-04-30,Telecom,2565.41,2765.02,2546.63,2704.81
2024-05-15,Telecom,2713.11,2722.82,2545.18,2673.44
2024-05-31,Telecom,2690.13,2858.55,2677.32,2793.81
2024-06-15,Telecom,2900.2,2994.67,2427.69,2975.3
2024-06-30,Telecom,2990.46,3203.06,2930.39,3098.2
2024-07-15,Telecom,3112.2,3176.97,3048.69,3137.31
2024-07-31,Telecom,3177.71,3267.58,2982.76,3243.56
2024-08-15,Telecom,3249.71,3254.08,3047.85,3089.78
2024-08-31,Telecom,3117.14,3341.13,3098.32,3320.25
2024-09-15,Telecom,3347.87,3347.87,3118.59,3257.09
2024-09-30,Telecom,3264.27,3274.45,3081.98,3144.82
2024-10-15,Telecom,3138.93,3170.94,2884.71,3063.81
2024-10-31,Telecom,3066.32,3100.44,2835.86,2878.24
2024-11-15,Telecom,2913.51,2932.98,2762.89,2791.16
2024-11-30,Telecom,2811.43,2945.75,2750.91,2922.8
2024-12-15,Telecom,2922.32,3028.0,2902.82,3021.85
2024-12-31,Telecom,3026.48,3040.18,2808.18,2848.79
2025-01-15,Telecom,2855.31,2914.58,2689.74,2785.13
2025-01-31,Telecom,2820.05,2908.87,2655.96,2754.28
2025-02-15,Telecom,2758.68,2832.23,2648.24,2674.02
2025-02-28,Telecom,2667.02,2678.11,2462.73,2472.08
2020-01-15,Utilities,1809.86,1885.7,1793.12,1881.96
2020-01-31,Utilities,1894.08,1928.72,1810.52,1815.54
2020-02-15,Utilities,1814.48,1863.61,1743.87,1790.04
2020-02-29,Utilities,1788.94,1789.79,1636.97,1643.98
2020-03-15,Utilities,1672.87,1703.9,1267.98,1465.01
2020-03-31,Utilities,1441.65,1441.65,1198.19,1316.21
2020-04-15,Utilities,1331.09,1455.15,1285.23,1419.12
2020-04-30,Utilities,1415.43,1516.68,1397.47,1483.98
2020-05-15,Utilities,1460.24,1483.57,1392.3,1409.73
2020-05-31,Utilities,1415.16,1469.68,1364.85,1459.24
2020-06-15,Utilities,1479.72,1578.63,1469.33,1512.92
2020-06-30,Utilities,1531.78,1628.97,1485.76,1570.14
2020-07-15,Utilities,1569.34,1604.21,1477.55,1480.37
2020-07-31,Utilities,1485.69,1560.67,1454.11,1506.69
2020-08-15,Utilities,1503.29,1555.9,1485.31,1532.68
2020-08-31,Utilities,1546.76,1711.72,1539.13,1584.95
2020-09-15,Utilities,1587.37,1622.25,1512.34,1561.86
2020-09-30,Utilities,1571.83,1571.83,1416.96,1461.42
2020-10-15,Utilities,1472.72,1483.2,1398.75,1403.23
2020-10-31,Utilities,1411.91,1515.9,1406.65,1488.6
2020-11-15,Utilities,1502.93,1605.48,1478.82,1591.93
2020-11-30,Utilities,1595.65,1714.63,1581.72,1693.57
2020-12-15,Utilities,1708.0,1838.4,1698.31,1830.66
2020-12-31,Utilities,1841.37,1847.37,1690.33,1796.67
2021-01-15,Utilities,1798.66,1945.35,1793.76,1900.13
2021-01-31,Utilities,1899.74,1906.71,1743.23,1753.1
2021-02-15,Utilities,1762.58,1994.28,1743.8,1968.54
2021-02-28,Utilities,1986.14,2140.15,1976.68,2060.51
2021-03-15,Utilities,2093.96,2228.48,2081.31,2180.67
2021-03-31,Utilities,2191.0,2195.21,2056.65,2148.65
2021-04-15,Utilities,2161.7,2229.6,2043.08,2111.86
2021-04-30,Utilities,2121.44,2224.79,2052.87,2189.34
2021-05-15,Utilities,2171.75,2416.0,2160.32,2323.99
2021-05-31,Utilities,2324.44,2481.41,2310.34,2421.98
2021-06-15,Utilities,2433.6,2694.86,2413.22,2624.77
2021-06-30,Utilities,2612.4,2617.93,2450.23,2470.85
2021-07-15,Utilities,2472.13,2488.41,2428.29,2467.87
2021-07-31,Utilities,2478.27,2498.84,2395.72,2447.15
2021-08-15,Utilities,2467.09,2518.59,2388.37,2496.48
2021-08-31,Utilities,2494.12,2640.98,2417.34,2635.62
2021-09-15,Utilities,2663.9,2870.56,2622.85,2860.31
2021-09-30,Utilities,2869.94,2941.13,2710.84,2925.68
2021-10-15,Utilities,2933.41,3196.93,2895.6,3179.26
2021-10-31,Utilities,3233.77,3331.65,2875.7,2965.21
2021-11-15,Utilities,2963.42,3118.44,2955.26,3101.72
2021-11-30,Utilities,3113.2,3152.47,2931.84,2974.05
2021-12-15,Utilities,2986.75,3117.04,2939.0,3059.64
2021-12-31,Utilities,3086.15,3086.15,2877.29,2953.42
2022-01-15,Utilities,2975.88,3302.32,2962.72,3292.08
2022-01-31,Utilities,3295.77,3413.81,3190.38,3359.26
2022-02-15,Utilities,3395.68,3437.93,3135.65,3257.82
2022-02-28,Utilities,3264.92,3345.95,3059.69,3278.12
2022-03-15,Utilities,3240.08,3425.33,3237.5,3271.72
2022-03-31,Utilities,3315.66,3510.21,3293.57,3440.3
2022-04-15,Utilities,3461.51,4180.56,3458.38,4068.55
2022-04-30,Utilities,4067.74,4218.91,3972.23,4066.02
2022-05-15,Utilities,4052.79,4131.57,3511.72,3562.7
2022-05-31,Utilities,3581.92,3802.8,3464.4,3558.09
2022-06-15,Utilities,3520.18,3584.81,3356.92,3363.61
2022-06-30,Utilities,3407.72,3429.52,3111.9,3395.96
2022-07-15,Utilities,3406.91,3726.85,3329.42,3637.66
2022-07-31,Utilities,3672.8,3805.87,3661.58,3782.54
2022-08-15,Utilities,3804.99,4018.73,3786.06,3999.5
2022-08-31,Utilities,4015.26,4317.57,4012.8,4300.12
2022-09-15,Utilities,4275.12,4388.62,4183.28,4378.88
2022-09-30,Utilities,4368.8,4397.58,3784.81,3896.71
2022-10-15,Utilities,3897.6,3949.45,3711.49,3773.93
2022-10-31,Utilities,3758.57,4001.52,3739.68,3989.1
2022-11-15,Utilities,3994.24,4084.7,3943.11,3982.1
2022-11-30,Utilities,3971.39,3983.25,3747.02,3876.02
2022-12-15,Utilities,3900.33,3912.54,3688.7,3739.59
2022-12-31,Utilities,3718.94,3755.96,3335.38,3607.9
2023-01-15,Utilities,3620.88,3640.97,3507.86,3599.99
2023-01-31,Utilities,3606.76,3716.8,3010.28,3142.89
2023-02-15,Utilities,3200.01,3202.52,2645.14,2665.78
2023-02-28,Utilities,2664.71,2702.58,2521.51,2565.19
2023-03-15,Utilities,2573.11,2869.78,2573.11,2828.25
2023-03-31,Utilities,2837.24,2924.46,2746.34,2822.15
2023-04-15,Utilities,2834.04,2947.05,2783.22,2894.2
2023-04-30,Utilities,2902.05,2958.41,2846.55,2950.04
2023-05-15,Utilities,2974.91,3013.05,2917.27,2927.54
2023-05-31,Utilities,2922.98,3002.45,2817.93,2932.5
2023-06-15,Utilities,2939.43,3123.62,2929.04,3103.11
2023-06-30,Utilities,3109.01,3157.28,3039.4,3111.03
2023-07-15,Utilities,3118.77,3217.64,3046.3,3073.56
2023-07-31,Utilities,3079.6,3438.49,3074.86,3433.48
2023-08-15,Utilities,3440.15,3451.48,3279.58,3315.5
2023-08-31,Utilities,3312.18,3517.13,3303.84,3411.64
2023-09-15,Utilities,3406.27,3829.59,3391.08,3680.6
2023-09-30,Utilities,3694.65,3758.49,3662.96,3725.95
2023-10-15,Utilities,3730.05,3730.05,3556.0,3639.39
2023-10-31,Utilities,3642.37,3704.18,3366.38,3577.75
2023-11-15,Utilities,3587.22,3842.69,3533.1,3802.02
2023-11-30,Utilities,3803.07,4060.99,3785.26,3988.05
2023-12-15,Utilities,4021.16,4775.88,4015.52,4741.99
2023-12-31,Utilities,4749.44,4825.36,4446.87,4785.75
2024-01-15,Utilities,4806.27,5074.13,4712.57,5047.29
2024-01-31,Utilities,5052.8,5274.4,4748.14,5250.64
2024-02-15,Utilities,5295.05,5582.18,5139.07,5492.1
2024-02-29,Utilities,5499.61,5600.03,5325.98,5428.24
2024-03-15,Utilities,5475.48,5665.45,4986.29,5243.26
2024-03-31,Utilities,5212.98,5483.24,5098.09,5441.93
2024-04-15,Utilities,5521.0,5902.12,5509.64,5699.02
2024-04-30,Utilities,5674.07,5956.82,5567.26,5922.84
2024-05-15,Utilities,5940.45,6082.47,5550.59,5915.25
2024-05-31,Utilities,5951.03,6205.9,5833.56,6088.62
2024-06-15,Utilities,6530.34,6601.32,5358.52,6188.13
2024-06-30,Utilities,6231.24,6320.86,6087.44,6234.7
2024-07-15,Utilities,6259.06,6396.95,6150.08,6378.49
2024-07-31,Utilities,6394.38,6676.28,5922.67,6662.91
2024-08-15,Utilities,6687.51,6810.45,6254.11,6270.05
2024-08-31,Utilities,6313.1,6519.08,6253.11,6410.46
2024-09-15,Utilities,6450.59,6469.52,6144.14,6366.86
2024-09-30,Utilities,6430.23,6885.23,6429.06,6769.55
2024-10-15,Utilities,6795.63,6822.12,6224.26,6490.12
2024-10-31,Utilities,6501.7,6529.34,5970.62,6191.67
2024-11-15,Utilities,6256.2,6318.28,5778.92,5786.64
2024-11-30,Utilities,5852.94,5856.91,5454.66,5789.34
2024-12-15,Utilities,5801.14,5918.4,5688.56,5808.02
2024-12-31,Utilities,5816.03,5823.04,5334.62,5409.03
2025-01-15,Utilities,5416.92,5538.73,4774.11,5163.07
2025-01-31,Utilities,5266.55,5340.91,4824.35,5112.66
2025-02-15,Utilities,5153.15,5217.86,4551.75,4593.95
2025-02-28,Utilities,4553.56,4875.15,4474.43,4570.3
